Date,Adj Close,Close,High,Low,Open,Volume
2020-01-02,152.15835571289062,160.6199951171875,160.72999572753906,158.3300018310547,158.77999877929688,22622100
2020-01-03,150.26376342773438,158.6199951171875,159.9499969482422,158.05999755859375,158.32000732421875,21116200
2020-01-06,150.6521759033203,159.02999877929688,159.10000610351562,156.50999450683594,157.0800018310547,20813700
2020-01-07,149.278564453125,157.5800018310547,159.6699981689453,157.32000732421875,159.32000732421875,21634100
2020-01-08,151.65634155273438,160.08999633789062,160.8000030517578,157.9499969482422,158.92999267578125,27746500
2020-01-09,153.55093383789062,162.08999633789062,162.22000122070312,161.02999877929688,161.83999633789062,21385000
2020-01-10,152.8404541015625,161.33999633789062,163.22000122070312,161.17999267578125,162.82000732421875,20725900
2020-01-13,154.6782684326172,163.27999877929688,163.30999755859375,161.25999450683594,161.75999450683594,21626500
2020-01-14,153.58885192871094,162.1300048828125,163.60000610351562,161.72000122070312,163.38999938964844,23477400
2020-01-15,154.58349609375,163.17999267578125,163.94000244140625,162.57000732421875,162.6199951171875,21417900
2020-01-16,157.416015625,166.1699981689453,166.24000549316406,164.02999877929688,164.35000610351562,23865400
2020-01-17,158.29702758789062,167.10000610351562,167.47000122070312,165.42999267578125,167.4199981689453,34371700
2020-01-21,157.7285919189453,166.5,168.19000244140625,166.42999267578125,166.67999267578125,29517200
2020-01-22,156.9707794189453,165.6999969482422,167.49000549316406,165.67999267578125,167.39999389648438,24138800
2020-01-23,157.9370574951172,166.72000122070312,166.8000030517578,165.27000427246094,166.19000244140625,19680800
2020-01-24,156.3455352783203,165.0399932861328,167.52999877929688,164.4499969482422,167.50999450683594,24918100
2020-01-27,153.73094177246094,162.27999877929688,163.3800048828125,160.1999969482422,161.14999389648438,32078100
2020-01-28,156.74339294433594,165.4600067138672,165.75999450683594,163.07000732421875,163.77999877929688,24899900
2020-01-29,159.1875,168.0399932861328,168.75,165.69000244140625,167.83999633789062,34754500
2020-01-30,163.67779541015625,172.77999877929688,174.0500030517578,170.7899932861328,174.0500030517578,51597500
2020-01-31,161.26211547851562,170.22999572753906,172.39999389648438,169.5800018310547,172.2100067138672,36142700
2020-02-03,165.19349670410156,174.3800048828125,174.5,170.39999389648438,170.42999267578125,30107000
2020-02-04,170.63113403320312,180.1199951171875,180.63999938964844,176.30999755859375,177.13999938964844,36433300
2020-02-05,170.4226837158203,179.89999389648438,184.1999969482422,178.41000366210938,184.02999877929688,39186300
2020-02-06,173.9562225341797,183.6300048828125,183.82000732421875,180.05999755859375,180.97000122070312,27751400
2020-02-07,174.2025604248047,183.88999938964844,185.6300048828125,182.47999572753906,182.85000610351562,33529100
2020-02-10,178.7591094970703,188.6999969482422,188.83999633789062,183.25,183.5800018310547,35844300
2020-02-11,174.72352600097656,184.44000244140625,190.6999969482422,183.5,190.64999389648438,53159900
2020-02-12,174.97930908203125,184.7100067138672,185.85000610351562,181.85000610351562,185.5800018310547,47062900
2020-02-13,174.03199768066406,183.7100067138672,186.22999572753906,182.8699951171875,183.0800018310547,35295800
2020-02-14,175.58563232421875,185.35000610351562,185.41000366210938,182.64999389648438,183.25,23149500
2020-02-18,177.36651611328125,187.22999572753906,187.6999969482422,185.5,185.61000061035156,27792200
2020-02-19,177.8985137939453,187.27999877929688,188.17999267578125,186.47000122070312,188.05999755859375,29997500
2020-02-20,175.1817626953125,184.4199981689453,187.25,181.10000610351562,186.9499969482422,36862400
2020-02-21,169.64382934570312,178.58999633789062,183.5,177.25,183.1699981689453,48572600
2020-02-24,162.32958984375,170.88999938964844,174.5500030517578,163.22999572753906,167.77000427246094,68311100
2020-02-25,159.65081787109375,168.07000732421875,174.83999633789062,167.64999389648438,174.1999969482422,68073300
2020-02-26,161.64559936523438,170.1699981689453,173.25999450683594,168.2100067138672,169.7100067138672,56206100
2020-02-27,150.25625610351562,158.17999267578125,167.02999877929688,157.97999572753906,163.32000732421875,93174900
2020-02-28,153.8943634033203,162.00999450683594,163.7100067138672,152.0,152.41000366210938,97012700
2020-03-02,164.13438415527344,172.7899932861328,172.9199981689453,162.30999755859375,165.30999755859375,71030800
2020-03-03,156.26910400390625,164.50999450683594,175.0,162.25999450683594,173.8000030517578,71677000
2020-03-04,162.006591796875,170.5500030517578,170.6999969482422,165.6199951171875,168.49000549316406,49814400
2020-03-05,157.9409637451172,166.27000427246094,170.8699951171875,165.69000244140625,166.0500030517578,47817300
2020-03-06,153.4763946533203,161.57000732421875,163.11000061035156,156.0,162.61000061035156,72821100
2020-03-09,143.0749053955078,150.6199951171875,157.75,150.0,151.0,70419300
2020-03-10,152.85897827148438,160.9199981689453,161.02999877929688,152.5800018310547,158.16000366210938,65354400
2020-03-11,145.9341278076172,153.6300048828125,157.6999969482422,151.14999389648438,157.1300048828125,56371600
2020-03-12,132.09400939941406,139.05999755859375,153.47000122070312,138.5800018310547,145.3000030517578,93226400
2020-03-13,150.87367248535156,158.8300018310547,161.91000366210938,140.72999572753906,147.5,92727400
2020-03-16,128.63632202148438,135.4199981689453,149.35000610351562,135.0,140.0,87905900
2020-03-17,139.22779846191406,146.57000732421875,147.5,135.0,140.0,81059800
2020-03-18,133.3668975830078,140.39999389648438,146.0,135.02000427246094,138.0,81593200
2020-03-19,135.56117248535156,142.7100067138672,150.14999389648438,139.0,142.77000427246094,85922700
2020-03-20,130.46969604492188,137.35000610351562,147.10000610351562,135.86000061035156,146.0,84866200
2020-03-23,129.16824340820312,135.97999572753906,140.57000732421875,132.52000427246094,137.00999450683594,78975200
2020-03-24,140.9091339111328,148.33999633789062,149.60000610351562,141.27000427246094,143.75,82516700
2020-03-25,139.56027221679688,146.9199981689453,154.3300018310547,144.44000244140625,148.91000366210938,75638200
2020-03-26,148.2899169921875,156.11000061035156,156.66000366210938,148.3699951171875,148.39999389648438,64568100
2020-03-27,142.20101928710938,149.6999969482422,154.88999938964844,149.1999969482422,151.75,57042300
2020-03-30,152.2035369873047,160.22999572753906,160.60000610351562,150.00999450683594,152.44000244140625,63420300
2020-03-31,149.80978393554688,157.7100067138672,164.77999877929688,156.55999755859375,159.39999389648438,77927200
2020-04-01,144.4902801513672,152.11000061035156,157.75,150.82000732421875,153.0,57969900
2020-04-02,147.4824676513672,155.25999450683594,155.47999572753906,150.36000061035156,151.86000061035156,49630700
2020-04-03,146.1241912841797,153.8300018310547,157.3800048828125,152.19000244140625,155.10000610351562,41243300
2020-04-06,156.99105834960938,165.27000427246094,166.5,157.5800018310547,160.32000732421875,67111700
2020-04-07,155.30020141601562,163.49000549316406,170.0,163.25999450683594,169.58999633789062,62769000
2020-04-08,156.85804748535156,165.1300048828125,166.6699981689453,163.5,165.6699981689453,48318200
2020-04-09,156.8675994873047,165.13999938964844,167.3699951171875,163.3300018310547,166.36000061035156,51385100
2020-04-13,157.21905517578125,165.50999450683594,165.57000732421875,162.3000030517578,164.35000610351562,41905300
2020-04-14,164.998779296875,173.6999969482422,173.75,168.0,169.0,52874300
2020-04-15,163.2699432373047,171.8800048828125,173.57000732421875,169.24000549316406,171.1999969482422,40940800
2020-04-16,168.17149353027344,177.0399932861328,177.27999877929688,172.89999389648438,174.3000030517578,50479600
2020-04-17,169.65335083007812,178.60000610351562,180.0,175.8699951171875,179.5,52765600
2020-04-20,166.29063415527344,175.05999755859375,178.75,174.99000549316406,176.6300048828125,36669600
2020-04-21,159.4133758544922,167.82000732421875,173.6699981689453,166.11000061035156,173.5,56203700
2020-04-22,164.8278045654297,173.52000427246094,174.0,170.82000732421875,171.38999938964844,34620200
2020-04-23,162.83299255371094,171.4199981689453,175.05999755859375,170.91000366210938,174.11000061035156,32790800
2020-04-24,165.8061981201172,174.5500030517578,174.55999755859375,170.7100067138672,172.05999755859375,34277600
2020-04-27,165.33126831054688,174.0500030517578,176.89999389648438,173.3000030517578,176.58999633789062,33194400
2020-04-28,161.30361938476562,169.80999755859375,175.6699981689453,169.38999938964844,175.58999633789062,34392700
2020-04-29,168.5419464111328,177.42999267578125,177.67999267578125,171.8800048828125,173.22000122070312,51286600
2020-04-30,170.2327117919922,179.2100067138672,180.39999389648438,176.22999572753906,180.0,53875900
2020-05-01,165.82518005371094,174.57000732421875,178.63999938964844,174.00999450683594,175.8000030517578,39370500
2020-05-04,169.8812713623047,178.83999633789062,179.0,173.8000030517578,174.49000549316406,30372900
2020-05-05,171.7051544189453,180.75999450683594,183.64999389648438,179.89999389648438,180.6199951171875,36839200
2020-05-06,173.3959197998047,182.5399932861328,184.1999969482422,181.6300048828125,182.0800018310547,32139300
2020-05-07,174.40284729003906,183.60000610351562,184.5500030517578,182.5800018310547,184.1699981689453,28316000
2020-05-08,175.4287567138672,184.67999267578125,185.0,183.36000061035156,184.97999572753906,30877800
2020-05-11,177.38558959960938,186.74000549316406,187.50999450683594,182.85000610351562,183.14999389648438,30892700
2020-05-12,173.36749267578125,182.50999450683594,187.0399932861328,182.3000030517578,186.8000030517578,32038200
2020-05-13,170.74571228027344,179.75,184.0500030517578,176.5399932861328,182.5500030517578,44711500
2020-05-14,171.4866485595703,180.52999877929688,180.69000244140625,175.67999267578125,177.5399932861328,41873900
2020-05-15,173.98489379882812,183.16000366210938,187.05999755859375,177.0,179.05999755859375,46610400
2020-05-18,175.6472625732422,184.91000366210938,186.1999969482422,183.9600067138672,185.75,35264500
2020-05-19,174.43136596679688,183.6300048828125,186.60000610351562,183.49000549316406,185.02999877929688,26799100
2020-05-20,176.85084533691406,185.66000366210938,185.85000610351562,183.94000244140625,184.80999755859375,31261300
2020-05-21,174.7266082763672,183.42999267578125,186.6699981689453,183.2899932861328,185.39999389648438,29119500
2020-05-22,174.8028564453125,183.50999450683594,184.4600067138672,182.5399932861328,183.19000244140625,20826900
2020-05-26,172.95489501953125,181.57000732421875,186.5,181.10000610351562,186.33999633789062,36073600
2020-05-27,173.18353271484375,181.80999755859375,181.99000549316406,176.60000610351562,180.1999969482422,39517100
2020-05-28,172.79296875,181.39999389648438,184.14999389648438,180.3800048828125,180.74000549316406,33810200
2020-05-29,174.55514526367188,183.25,184.27000427246094,180.41000366210938,182.72999572753906,42130400
2020-06-01,174.15509033203125,182.8300018310547,183.0,181.4600067138672,182.5399932861328,22622400
2020-06-02,176.1363983154297,184.91000366210938,185.0,181.35000610351562,184.25,30794600
2020-06-03,176.5650634765625,185.36000061035156,185.94000244140625,183.5800018310547,184.82000732421875,27311000
2020-06-04,174.24082946777344,182.9199981689453,185.83999633789062,182.3000030517578,184.3000030517578,28761800
2020-06-05,178.31777954101562,187.1999969482422,187.72999572753906,182.00999450683594,182.6199951171875,39893600
2020-06-08,179.4227294921875,188.36000061035156,188.5500030517578,184.44000244140625,185.94000244140625,33211600
2020-06-09,180.79443359375,189.8000030517578,190.6999969482422,187.25999450683594,188.0,29783900
2020-06-10,187.50035095214844,196.83999633789062,198.52000427246094,191.00999450683594,191.1300048828125,43872300
2020-06-11,177.431884765625,186.27000427246094,195.75999450683594,186.07000732421875,193.1300048828125,52854700
2020-06-12,178.83216857910156,187.74000549316406,191.72000122070312,185.17999267578125,190.5399932861328,43373600
2020-06-15,179.97518920898438,188.94000244140625,190.82000732421875,184.00999450683594,184.5800018310547,32770200
2020-06-16,184.38551330566406,193.57000732421875,195.5800018310547,191.4600067138672,192.88999938964844,42556700
2020-06-17,185.0237274169922,194.24000549316406,196.32000732421875,193.69000244140625,195.02999877929688,25687800
2020-06-18,187.00503540039062,196.32000732421875,196.49000549316406,194.0,194.0,23061600
2020-06-19,185.89056396484375,195.14999389648438,199.2899932861328,194.3699951171875,198.58999633789062,44441100
2020-06-22,191.0533905029297,200.57000732421875,200.75999450683594,195.22999572753906,195.7899932861328,32818900
2020-06-23,192.32980346679688,201.91000366210938,203.9499969482422,201.42999267578125,202.08999633789062,30917400
2020-06-24,188.45294189453125,197.83999633789062,203.25,196.55999755859375,201.60000610351562,36740600
2020-06-25,190.8342742919922,200.33999633789062,200.61000061035156,195.47000122070312,197.8000030517578,27803900
2020-06-26,187.01455688476562,196.3300018310547,199.88999938964844,194.8800048828125,199.72999572753906,54675800
2020-06-29,189.02444458007812,198.44000244140625,198.52999877929688,193.5500030517578,195.77999877929688,26701600
2020-06-30,193.8538818359375,203.50999450683594,204.39999389648438,197.74000549316406,197.8800048828125,34310300
2020-07-01,194.98745727539062,204.6999969482422,206.35000610351562,201.77000427246094,203.13999938964844,32061200
2020-07-02,196.47340393066406,206.25999450683594,208.02000427246094,205.0,205.67999267578125,29315800
2020-07-06,200.70274353027344,210.6999969482422,211.1300048828125,208.08999633789062,208.8300018310547,31897600
2020-07-07,198.36895751953125,208.25,214.6699981689453,207.99000549316406,210.4499969482422,33600700
2020-07-08,202.731689453125,212.8300018310547,213.25999450683594,208.69000244140625,210.07000732421875,33600000
2020-07-09,204.1510009765625,214.32000732421875,216.3800048828125,211.47000122070312,216.3300018310547,33121700
2020-07-10,203.53182983398438,213.6699981689453,214.0800018310547,211.0800018310547,213.6199951171875,26177600
2020-07-13,197.24501037597656,207.07000732421875,215.8000030517578,206.5,214.47999572753906,38135600
2020-07-14,198.46426391601562,208.35000610351562,208.85000610351562,202.02999877929688,206.1300048828125,37591800
2020-07-15,198.16896057128906,208.0399932861328,211.3300018310547,205.02999877929688,209.55999755859375,32179400
2020-07-16,194.24440002441406,203.9199981689453,205.6999969482422,202.30999755859375,205.39999389648438,29940700
2020-07-17,193.25379943847656,202.8800048828125,205.0399932861328,201.38999938964844,204.47000122070312,31635300
2020-07-20,201.56005859375,211.60000610351562,212.3000030517578,203.00999450683594,205.0,36884800
2020-07-21,198.84527587890625,208.75,213.94000244140625,208.02999877929688,213.66000366210938,37990400
2020-07-22,201.70291137695312,211.75,212.3000030517578,208.38999938964844,209.1999969482422,49605700
2020-07-23,192.92990112304688,202.5399932861328,210.9199981689453,202.14999389648438,207.19000244140625,67457000
2020-07-24,191.74871826171875,201.3000030517578,202.86000061035156,197.50999450683594,200.4199981689453,39827000
2020-07-27,194.17776489257812,203.85000610351562,203.97000122070312,200.86000061035156,201.47000122070312,30160900
2020-07-28,192.4346160888672,202.02000427246094,204.6999969482422,201.74000549316406,203.61000061035156,23251400
2020-07-29,194.3778076171875,204.05999755859375,204.64999389648438,202.00999450683594,202.5,19632600
2020-07-30,194.2253875732422,203.89999389648438,204.4600067138672,199.57000732421875,201.0,25079600
2020-07-31,195.28271484375,205.00999450683594,205.10000610351562,199.00999450683594,204.39999389648438,51044000
2020-08-03,206.26565551757812,216.5399932861328,217.63999938964844,210.44000244140625,211.52000427246094,78983000
2020-08-04,203.16981506347656,213.2899932861328,214.77000427246094,210.30999755859375,214.1699981689453,49280100
2020-08-05,202.83645629882812,212.94000244140625,215.0,211.57000732421875,214.89999389648438,28806400
2020-08-06,206.08468627929688,216.35000610351562,216.3699951171875,211.5500030517578,212.33999633789062,32656800
2020-08-07,202.39825439453125,212.47999572753906,215.6999969482422,210.92999267578125,214.85000610351562,27820400
2020-08-10,198.36895751953125,208.25,211.8800048828125,206.35000610351562,211.6699981689453,36716500
2020-08-11,193.73007202148438,203.3800048828125,207.64999389648438,203.13999938964844,207.16000366210938,36446500
2020-08-12,199.26437377929688,209.19000244140625,210.27999877929688,204.75,205.2899932861328,28013100
2020-08-13,198.79762268066406,208.6999969482422,211.35000610351562,208.14999389648438,209.44000244140625,22588900
2020-08-14,198.98809814453125,208.89999389648438,209.58999633789062,207.50999450683594,208.75999450683594,17958900
2020-08-17,200.30264282226562,210.27999877929688,211.19000244140625,208.9199981689453,209.60000610351562,20184800
2020-08-18,201.4552459716797,211.49000549316406,212.36000061035156,209.2100067138672,210.52999877929688,21336200
2020-08-19,200.2330322265625,209.6999969482422,212.10000610351562,209.25,211.49000549316406,27627600
2020-08-20,204.89276123046875,214.5800018310547,215.0,208.91000366210938,209.5399932861328,26981500
2020-08-21,203.40318298339844,213.02000427246094,216.25,212.85000610351562,213.86000061035156,36249300
2020-08-24,204.0429229736328,213.69000244140625,215.52000427246094,212.42999267578125,214.7899932861328,25460100
2020-08-25,206.6973876953125,216.47000122070312,216.61000061035156,213.10000610351562,213.10000610351562,23043700
2020-08-26,211.16610717773438,221.14999389648438,222.08999633789062,217.36000061035156,217.8800048828125,39600800
2020-08-27,216.3509979248047,226.5800018310547,231.14999389648438,219.39999389648438,222.88999938964844,57602200
2020-08-28,218.57579040527344,228.91000366210938,230.63999938964844,226.5800018310547,228.17999267578125,26292900
2020-08-31,215.34840393066406,225.52999877929688,228.6999969482422,224.30999755859375,227.0,28774200
2020-09-01,217.00985717773438,227.27000427246094,227.4499969482422,224.42999267578125,225.50999450683594,25725500
2020-09-02,221.1920928955078,231.64999389648438,232.86000061035156,227.35000610351562,227.97000122070312,34080800
2020-09-03,207.4899444580078,217.3000030517578,229.30999755859375,214.9600067138672,229.27000427246094,58400300
2020-09-04,204.57760620117188,214.25,218.36000061035156,205.19000244140625,215.10000610351562,59664100
2020-09-08,193.5108642578125,202.66000366210938,210.02999877929688,202.1999969482422,206.5,52924300
2020-09-09,201.75123596191406,211.2899932861328,214.83999633789062,206.6999969482422,207.60000610351562,45679000
2020-09-10,196.09852600097656,205.3699951171875,214.74000549316406,204.11000061035156,213.39999389648438,35461500
2020-09-11,194.8190155029297,204.02999877929688,208.6300048828125,201.24000549316406,207.1999969482422,33620100
2020-09-14,196.13670349121094,205.41000366210938,209.1999969482422,204.02999877929688,204.24000549316406,30375800
2020-09-15,199.3545684814453,208.77999877929688,209.77999877929688,206.92999267578125,208.4199981689453,21823900
2020-09-16,195.79295349121094,205.0500030517578,210.64999389648438,204.63999938964844,210.6199951171875,26328100
2020-09-17,193.7495574951172,202.91000366210938,204.3300018310547,199.9600067138672,200.0500030517578,34011300
2020-09-18,191.3433074951172,200.38999938964844,203.64999389648438,196.25,202.8000030517578,55225300
2020-09-21,193.3962860107422,202.5399932861328,202.7100067138672,196.3800048828125,197.19000244140625,39839700
2020-09-22,198.0559844970703,207.4199981689453,208.10000610351562,202.0800018310547,205.05999755859375,33517100
2020-09-23,191.53433227539062,200.58999633789062,208.10000610351562,200.02999877929688,207.89999389648438,30803800
2020-09-24,194.01693725585938,203.19000244140625,205.57000732421875,199.1999969482422,199.85000610351562,31202500
2020-09-25,198.43797302246094,207.82000732421875,209.0399932861328,202.5399932861328,203.5500030517578,29437300
2020-09-28,199.98480224609375,209.44000244140625,212.57000732421875,208.05999755859375,210.8800048828125,32004900
2020-09-29,197.90318298339844,207.25999450683594,210.07000732421875,206.80999755859375,209.35000610351562,24221900
2020-09-30,200.8345947265625,210.3300018310547,211.97999572753906,206.5399932861328,207.72999572753906,33829100
2020-10-01,202.8684844970703,212.4600067138672,213.99000549316406,211.32000732421875,213.49000549316406,27158400
2020-10-02,196.8815460205078,206.19000244140625,210.99000549316406,205.5399932861328,208.0,33154800
2020-10-05,200.8823699951172,210.3800048828125,210.41000366210938,206.97999572753906,207.22000122070312,21331600
2020-10-06,196.61415100097656,205.91000366210938,210.17999267578125,204.82000732421875,208.82000732421875,28554300
2020-10-07,200.357177734375,209.8300018310547,210.11000061035156,206.72000122070312,207.05999755859375,25681100
2020-10-08,201.07333374023438,210.5800018310547,211.19000244140625,208.32000732421875,210.50999450683594,19925800
2020-10-09,206.06719970703125,215.80999755859375,215.86000061035156,211.22999572753906,211.22999572753906,26458000
2020-10-12,211.4048309326172,221.39999389648438,223.86000061035156,216.80999755859375,218.7899932861328,40461400
2020-10-13,212.7989501953125,222.86000061035156,225.2100067138672,220.42999267578125,222.72000122070312,28950800
2020-10-14,210.8892059326172,220.86000061035156,224.22000122070312,219.1300048828125,223.0,23421700
2020-10-15,209.743408203125,219.66000366210938,220.36000061035156,216.00999450683594,217.10000610351562,22733100
2020-10-16,209.743408203125,219.66000366210938,222.2899932861328,219.32000732421875,220.14999389648438,26057900
2020-10-19,204.54901123046875,214.22000122070312,222.3000030517578,213.72000122070312,220.4199981689453,27625800
2020-10-20,204.95957946777344,214.64999389648438,217.3699951171875,213.08999633789062,215.8000030517578,22753500
2020-10-21,205.10281372070312,214.8000030517578,216.9199981689453,213.1199951171875,213.1199951171875,22724900
2020-10-22,205.18878173828125,214.88999938964844,216.05999755859375,211.6999969482422,213.92999267578125,22351500
2020-10-23,206.46826171875,216.22999572753906,216.27999877929688,213.16000366210938,215.02999877929688,18879600
2020-10-26,200.5959014892578,210.0800018310547,216.33999633789062,208.10000610351562,213.85000610351562,37111600
2020-10-27,203.6227569580078,213.25,214.6699981689453,210.3300018310547,211.58999633789062,36700300
2020-10-28,193.5299530029297,202.67999267578125,208.83999633789062,202.10000610351562,207.6699981689453,51195600
2020-10-29,195.47784423828125,204.72000122070312,207.36000061035156,203.3699951171875,204.07000732421875,31432600
2020-10-30,193.32943725585938,202.47000122070312,204.2899932861328,199.6199951171875,203.5,36953700
2020-11-02,193.1957550048828,202.3300018310547,205.27999877929688,200.1199951171875,204.2899932861328,30842200
2020-11-03,197.1106719970703,206.42999267578125,208.1199951171875,203.1199951171875,203.88999938964844,27512000
2020-11-04,206.62100219726562,216.38999938964844,218.32000732421875,212.4199981689453,214.02000427246094,42311800
2020-11-05,213.20948791503906,223.2899932861328,224.1199951171875,221.14999389648438,222.0399932861328,36080100
2020-11-06,213.6201629638672,223.72000122070312,224.36000061035156,218.02999877929688,222.25999450683594,25231900
2020-11-09,208.5307159423828,218.38999938964844,228.1199951171875,217.8800048828125,224.44000244140625,44395000
2020-11-10,201.48387145996094,211.00999450683594,216.5,209.72000122070312,214.5,44045100
2020-11-11,206.77381896972656,216.5500030517578,218.0399932861328,212.1999969482422,212.38999938964844,29440800
2020-11-12,205.71389770507812,215.44000244140625,219.11000061035156,214.4600067138672,217.2100067138672,21593900
2020-11-13,206.7356414794922,216.50999450683594,217.4199981689453,214.16000366210938,216.36000061035156,18621100
2020-11-16,207.423095703125,217.22999572753906,217.74000549316406,214.52000427246094,214.8699951171875,24953300
2020-11-17,204.7781982421875,214.4600067138672,217.67999267578125,214.0800018310547,216.10000610351562,24154100
2020-11-18,202.0784454345703,211.0800018310547,215.1699981689453,210.92999267578125,213.64999389648438,28372800
2020-11-19,203.3612518310547,212.4199981689453,213.02999877929688,209.92999267578125,211.3800048828125,24792700
2020-11-20,201.41781616210938,210.38999938964844,213.2899932861328,210.0,212.1999969482422,22843100
2020-11-23,201.1497802734375,210.11000061035156,212.2899932861328,208.16000366210938,210.9499969482422,25683500
2020-11-24,204.73988342285156,213.86000061035156,214.25,208.86000061035156,209.58999633789062,33979700
2020-11-25,204.74942016601562,213.8699951171875,215.2899932861328,212.4600067138672,215.11000061035156,21012900
2020-11-27,206.0514373779297,215.22999572753906,216.27000427246094,214.0399932861328,214.85000610351562,14512200
2020-11-30,204.94091796875,214.07000732421875,214.75999450683594,210.83999633789062,214.10000610351562,33064800
2020-12-01,206.98965454101562,216.2100067138672,217.32000732421875,213.35000610351562,214.50999450683594,30904500
2020-12-02,206.18545532226562,215.3699951171875,215.47000122070312,212.8000030517578,214.8800048828125,23724500
2020-12-03,205.10365295410156,214.24000549316406,216.3800048828125,213.64999389648438,214.61000061035156,25120900
2020-12-04,205.21856689453125,214.36000061035156,215.3800048828125,213.17999267578125,214.22000122070312,24666000
2020-12-07,205.15151977539062,214.2899932861328,215.5399932861328,212.99000549316406,214.3699951171875,24620000
2020-12-08,206.7981719970703,216.00999450683594,216.9499969482422,212.88999938964844,213.97000122070312,23284100
2020-12-09,202.76771545410156,211.8000030517578,215.22999572753906,211.2100067138672,215.16000366210938,32440600
2020-12-10,201.5422821044922,210.52000427246094,213.0800018310547,210.36000061035156,211.77000427246094,26733300
2020-12-11,204.16543579101562,213.25999450683594,213.32000732421875,209.11000061035156,210.0500030517578,30979400
2020-12-14,205.0653839111328,214.1999969482422,216.2100067138672,212.8800048828125,213.10000610351562,28798400
2020-12-15,204.9983367919922,214.1300048828125,215.4199981689453,212.24000549316406,215.1699981689453,27000600
2020-12-16,209.9287109375,219.27999877929688,220.11000061035156,214.72000122070312,214.75,35023300
2020-12-17,210.06272888183594,219.4199981689453,220.88999938964844,217.9199981689453,219.8699951171875,32515800
2020-12-18,209.26815795898438,218.58999633789062,219.69000244140625,216.02000427246094,218.58999633789062,63354900
2020-12-21,213.09754943847656,222.58999633789062,224.0,217.27999877929688,217.5500030517578,37181900
2020-12-22,214.38998413085938,223.94000244140625,225.6300048828125,221.85000610351562,222.69000244140625,22612200
2020-12-23,211.5945281982422,221.02000427246094,223.55999755859375,220.8000030517578,223.11000061035156,18699600
2020-12-24,213.250732421875,222.75,223.61000061035156,221.1999969482422,221.4199981689453,10550600
2020-12-28,215.3665008544922,224.9600067138672,226.02999877929688,223.02000427246094,224.4499969482422,17933500
2020-12-29,214.59104919433594,224.14999389648438,227.17999267578125,223.5800018310547,226.30999755859375,17403200
2020-12-30,212.22637939453125,221.67999267578125,225.6300048828125,221.47000122070312,225.22999572753906,20272300
2020-12-31,212.93482971191406,222.4199981689453,223.0,219.67999267578125,221.6999969482422,20942100
2021-01-04,208.40655517578125,217.69000244140625,223.0,214.80999755859375,222.52999877929688,37130100
2021-01-05,208.60755920410156,217.89999389648438,218.52000427246094,215.6999969482422,217.25999450683594,23823000
2021-01-06,203.19857788085938,212.25,216.49000549316406,211.94000244140625,212.1699981689453,35930700
2021-01-07,208.98097229003906,218.2899932861328,219.33999633789062,213.7100067138672,214.0399932861328,27694500
2021-01-08,210.25424194335938,219.6199951171875,220.5800018310547,217.02999877929688,218.67999267578125,22956200
2021-01-11,208.21510314941406,217.49000549316406,218.91000366210938,216.72999572753906,218.47000122070312,23031300
2021-01-12,205.76422119140625,214.92999267578125,217.10000610351562,213.32000732421875,216.5,23249300
2021-01-13,207.11412048339844,216.33999633789062,216.75999450683594,213.92999267578125,214.02000427246094,20087100
2021-01-14,203.93568420410156,213.02000427246094,217.4600067138672,212.74000549316406,215.91000366210938,29480800
2021-01-15,203.5814666748047,212.64999389648438,214.50999450683594,212.02999877929688,213.52000427246094,31746500
2021-01-19,207.20986938476562,216.44000244140625,216.97999572753906,212.6300048828125,213.75,30480900
2021-01-20,214.77291870117188,224.33999633789062,225.7899932861328,217.2899932861328,217.6999969482422,37777300
2021-01-21,215.3760986328125,224.97000122070312,226.3000030517578,222.4199981689453,224.6999969482422,30709400
2021-01-22,216.31423950195312,225.9499969482422,230.07000732421875,225.8000030517578,227.0800018310547,30172700
2021-01-25,219.74160766601562,229.52999877929688,229.77999877929688,224.22000122070312,229.1199951171875,33152100
2021-01-26,222.42222595214844,232.3300018310547,234.17999267578125,230.0800018310547,231.86000061035156,49169600
2021-01-27,222.96788024902344,232.89999389648438,240.44000244140625,230.13999938964844,238.0,69870600
2021-01-28,228.74070739746094,238.92999267578125,242.63999938964844,235.08999633789062,235.61000061035156,49111200
2021-01-29,222.06797790527344,231.9600067138672,238.02000427246094,231.35000610351562,235.99000549316406,42503100
2021-02-01,229.43003845214844,239.64999389648438,242.5,232.42999267578125,235.05999755859375,33314200
2021-02-02,229.2960205078125,239.50999450683594,242.30999755859375,238.69000244140625,241.3000030517578,25916300
2021-02-03,232.63711547851562,243.0,245.08999633789062,239.25999450683594,239.57000732421875,27158100
2021-02-04,231.6893768310547,242.00999450683594,243.24000549316406,240.3699951171875,242.66000366210938,25296100
2021-02-05,231.8712615966797,242.1999969482422,243.27999877929688,240.4199981689453,242.22999572753906,18054800
2021-02-08,232.1297607421875,242.47000122070312,243.67999267578125,240.80999755859375,243.14999389648438,22211900
2021-02-09,233.37437438964844,243.77000427246094,244.75999450683594,241.3800048828125,241.8699951171875,23565000
2021-02-10,232.46485900878906,242.82000732421875,245.9199981689453,240.88999938964844,245.0,22186700
2021-02-11,234.06362915039062,244.49000549316406,245.14999389648438,242.14999389648438,244.77999877929688,15751100
2021-02-12,234.5423126220703,244.99000549316406,245.3000030517578,242.72999572753906,243.92999267578125,16561100
2021-02-16,233.3073272705078,243.6999969482422,246.1300048828125,242.9199981689453,245.02999877929688,26728500
2021-02-17,234.32443237304688,244.1999969482422,244.30999755859375,240.94000244140625,241.32000732421875,21653500
2021-02-18,233.93101501464844,243.7899932861328,243.92999267578125,240.86000061035156,241.8000030517578,16925600
2021-02-19,231.22509765625,240.97000122070312,243.86000061035156,240.17999267578125,243.75,25262600
2021-02-22,225.02630615234375,234.50999450683594,237.92999267578125,232.39999389648438,237.4199981689453,36446900
2021-02-23,223.8365020751953,233.27000427246094,234.8300018310547,228.72999572753906,230.3300018310547,30228700
2021-02-24,225.06471252441406,234.5500030517578,235.1999969482422,229.0,230.00999450683594,26339700
2021-02-25,219.7295379638672,228.99000549316406,234.58999633789062,227.8800048828125,232.0800018310547,39542200
2021-02-26,222.98248291015625,232.3800048828125,235.3699951171875,229.5399932861328,231.52999877929688,37819200
2021-03-01,227.35804748535156,236.94000244140625,237.47000122070312,233.14999389648438,235.89999389648438,25324000
2021-03-02,224.41220092773438,233.8699951171875,237.3000030517578,233.4499969482422,237.00999450683594,22812500
2021-03-03,218.3573760986328,227.55999755859375,233.5800018310547,227.25999450683594,232.16000366210938,34029500
2021-03-04,217.56097412109375,226.72999572753906,232.49000549316406,224.25999450683594,226.74000549316406,44727800
2021-03-05,222.23397827148438,231.60000610351562,233.27000427246094,226.4600067138672,229.52000427246094,41872800
2021-03-08,218.1942596435547,227.38999938964844,233.3699951171875,227.1300048828125,231.3699951171875,35267400
2021-03-09,224.3258514404297,233.77999877929688,235.3800048828125,231.6699981689453,232.8800048828125,33080500
2021-03-10,223.02084350585938,232.4199981689453,237.0,232.0399932861328,237.0,29746800
2021-03-11,227.54034423828125,237.1300048828125,239.1699981689453,234.30999755859375,234.9600067138672,29907600
2021-03-12,226.2161865234375,235.75,235.82000732421875,233.22999572753906,234.00999450683594,22653700
2021-03-15,225.31417846679688,234.80999755859375,235.19000244140625,231.80999755859375,234.9600067138672,26034900
2021-03-16,228.096923828125,237.7100067138672,240.05999755859375,235.94000244140625,236.27999877929688,28092200
2021-03-17,227.45399475097656,237.0399932861328,238.5500030517578,233.22999572753906,236.14999389648438,29562100
2021-03-18,221.38958740234375,230.72000122070312,234.19000244140625,230.3300018310547,232.55999755859375,34833000
2021-03-19,221.03453063964844,230.35000610351562,232.47000122070312,229.35000610351562,231.02000427246094,46430700
2021-03-22,226.4464569091797,235.99000549316406,236.89999389648438,230.13999938964844,230.27000427246094,30127000
2021-03-23,227.97216796875,237.5800018310547,241.0500030517578,237.07000732421875,237.49000549316406,31638400
2021-03-24,225.9379425048828,235.4600067138672,238.0,235.32000732421875,237.85000610351562,25620100
2021-03-25,222.9440460205078,232.33999633789062,236.94000244140625,231.57000732421875,235.3000030517578,34061900
2021-03-26,226.91664123535156,236.47999572753906,236.7100067138672,231.5500030517578,231.5500030517578,25479900
2021-03-29,225.7268524169922,235.24000549316406,236.8000030517578,231.8800048828125,236.58999633789062,25227500
2021-03-30,222.47390747070312,231.85000610351562,233.85000610351562,231.10000610351562,233.52999877929688,24792000
2021-03-31,226.23536682128906,235.77000427246094,239.10000610351562,232.38999938964844,232.91000366210938,43623500
2021-04-01,232.54928588867188,242.35000610351562,242.83999633789062,238.0500030517578,238.47000122070312,30338000
2021-04-05,238.9975128173828,249.07000732421875,249.9600067138672,242.6999969482422,242.75999450683594,36910600
2021-04-06,237.83645629882812,247.86000061035156,249.39999389648438,246.8800048828125,247.61000061035156,22931900
2021-04-07,239.79396057128906,249.89999389648438,250.92999267578125,247.19000244140625,247.80999755859375,22719800
2021-04-08,243.0084991455078,253.25,254.13999938964844,252.0,252.77000427246094,23625200
2021-04-09,245.50335693359375,255.85000610351562,255.99000549316406,252.44000244140625,252.8699951171875,24326800
2021-04-12,245.5609130859375,255.91000366210938,257.6700134277344,254.6199951171875,254.7100067138672,27148700
2021-04-13,248.03652954101562,258.489990234375,259.19000244140625,256.8299865722656,257.260009765625,23837500
2021-04-14,245.2538299560547,255.58999633789062,258.8299865722656,255.16000366210938,257.4800109863281,23070900
2021-04-15,249.00575256347656,259.5,259.92999267578125,257.7300109863281,257.92999267578125,25627500
2021-04-16,250.19549560546875,260.739990234375,261.0,257.6000061035156,259.4700012207031,24878600
2021-04-19,248.2764434814453,258.739990234375,261.4800109863281,257.82000732421875,260.19000244140625,23209300
2021-04-20,247.8158416748047,258.260009765625,260.20001220703125,256.8399963378906,257.82000732421875,19722900
2021-04-21,250.04202270507812,260.5799865722656,260.67999267578125,257.25,258.94000244140625,24030400
2021-04-22,246.7699737548828,257.1700134277344,261.7799987792969,255.63999938964844,260.2099914550781,25606200
2021-04-23,250.5890350341797,261.1499938964844,261.510009765625,257.2699890136719,257.8800048828125,21462600
2021-04-26,250.97276306152344,261.54998779296875,262.44000244140625,260.1700134277344,261.6600036621094,19763300
2021-04-27,251.3759002685547,261.9700012207031,263.19000244140625,260.1199951171875,261.5799865722656,31014200
2021-04-28,244.2655029296875,254.55999755859375,256.5400085449219,252.9499969482422,256.0799865722656,46903100
2021-04-29,242.2984161376953,252.50999450683594,256.1000061035156,249.0,255.4600067138672,40589000
2021-04-30,241.98175048828125,252.17999267578125,253.0800018310547,249.60000610351562,249.74000549316406,30945100
2021-05-03,241.6746826171875,251.86000061035156,254.35000610351562,251.1199951171875,253.39999389648438,19626600
2021-05-04,237.76927185058594,247.7899932861328,251.2100067138672,245.75999450683594,250.97000122070312,32756100
2021-05-05,236.5026397705078,246.47000122070312,249.5,245.82000732421875,249.05999755859375,21901300
2021-05-06,239.6308135986328,249.72999572753906,249.86000061035156,244.69000244140625,246.4499969482422,26491100
2021-05-07,242.25042724609375,252.4600067138672,254.3000030517578,251.1699981689453,252.14999389648438,27032900
2021-05-10,237.1839141845703,247.17999267578125,251.72999572753906,247.1199951171875,250.8699951171875,29299900
2021-05-11,236.27235412597656,246.22999572753906,246.60000610351562,242.57000732421875,244.5500030517578,33641600
2021-05-12,229.33473205566406,239.0,244.3800048828125,238.07000732421875,242.1699981689453,36684400
2021-05-13,233.20176696777344,243.02999877929688,245.60000610351562,241.4199981689453,241.8000030517578,29624300
2021-05-14,238.1147003173828,248.14999389648438,249.17999267578125,245.49000549316406,245.5800018310547,23901100
2021-05-17,235.26480102539062,245.17999267578125,246.58999633789062,243.52000427246094,246.5500030517578,24970200
2021-05-18,233.24977111816406,243.0800018310547,246.41000366210938,242.89999389648438,246.27000427246094,20168000
2021-05-19,233.82681274414062,243.1199951171875,243.22999572753906,238.60000610351562,239.30999755859375,25739800
2021-05-20,237.0583953857422,246.47999572753906,247.9499969482422,243.86000061035156,243.9600067138672,21800700
2021-05-21,235.79844665527344,245.1699981689453,248.3300018310547,244.74000549316406,247.57000732421875,21863100
2021-05-24,241.19400024414062,250.77999877929688,251.16000366210938,247.50999450683594,247.7899932861328,21411500
2021-05-25,242.09808349609375,251.72000122070312,252.75,250.82000732421875,251.77000427246094,17704300
2021-05-26,241.87692260742188,251.49000549316406,252.94000244140625,250.75,251.42999267578125,17771600
2021-05-27,239.78021240234375,249.30999755859375,251.47999572753906,249.25,251.1699981689453,24426200
2021-05-28,240.1360626220703,249.67999267578125,252.0800018310547,249.55999755859375,251.0,18270200
2021-06-01,237.94320678710938,247.39999389648438,251.2899932861328,246.9600067138672,251.22999572753906,23213300
2021-06-02,237.8470458984375,247.3000030517578,249.27000427246094,245.83999633789062,248.1300048828125,19406700
2021-06-03,236.3178253173828,245.7100067138672,246.33999633789062,243.0,245.22000122070312,25307700
2021-06-04,241.20361328125,250.7899932861328,251.64999389648438,247.50999450683594,247.75999450683594,25281100
2021-06-07,244.1082000732422,253.80999755859375,254.08999633789062,249.80999755859375,249.97999572753906,23079200
2021-06-08,242.91558837890625,252.57000732421875,256.010009765625,252.50999450683594,255.16000366210938,22455000
2021-06-09,243.89657592773438,253.58999633789062,255.52999877929688,253.2100067138672,253.80999755859375,17937600
2021-06-10,247.4071044921875,257.239990234375,257.4599914550781,253.6699981689453,254.2899932861328,24563600
2021-06-11,248.03231811523438,257.8900146484375,258.489990234375,256.6099853515625,257.989990234375,18999700
2021-06-14,249.9557647705078,259.8900146484375,259.95001220703125,256.79998779296875,257.8999938964844,19150500
2021-06-15,248.48423767089844,258.3599853515625,259.989990234375,257.67999267578125,259.7699890136719,18038900
2021-06-16,247.541748046875,257.3800048828125,260.5799865722656,254.4199981689453,259.3999938964844,27220000
2021-06-17,250.9272003173828,260.8999938964844,261.75,256.010009765625,256.07000732421875,27565500
2021-06-18,249.51332092285156,259.42999267578125,262.29998779296875,258.75,259.6300048828125,37202200
2021-06-21,252.591064453125,262.6300048828125,263.5199890136719,257.9200134277344,259.82000732421875,26696100
2021-06-22,255.36093139648438,265.510009765625,265.7900085449219,262.3999938964844,262.7200012207031,24694100
2021-06-23,255.130126953125,265.2699890136719,266.8299865722656,264.42999267578125,265.989990234375,19518700
2021-06-24,256.4958190917969,266.69000244140625,267.8500061035156,265.4700012207031,266.1600036621094,21446900
2021-06-25,254.88967895507812,265.0199890136719,267.25,264.760009765625,266.2300109863281,25611100
2021-06-28,258.44830322265625,268.7200012207031,268.8999938964844,265.9100036621094,266.19000244140625,19590000
2021-06-29,261.02581787109375,271.3999938964844,271.6499938964844,267.9800109863281,268.8699951171875,19937800
2021-06-30,260.5448913574219,270.8999938964844,271.3599853515625,269.6000061035156,270.69000244140625,21656500
2021-07-01,261.2182312011719,271.6000061035156,271.8399963378906,269.6000061035156,269.6099853515625,16725300
2021-07-02,267.0369873046875,277.6499938964844,278.0,272.5,272.82000732421875,26458000
2021-07-06,267.0465393066406,277.6600036621094,279.3699951171875,274.29998779296875,278.0299987792969,31565600
2021-07-07,269.2298278808594,279.92999267578125,280.69000244140625,277.1499938964844,279.3999938964844,23260000
2021-07-08,266.81573486328125,277.4200134277344,278.7300109863281,274.8699951171875,276.8999938964844,24618600
2021-07-09,267.3157958984375,277.94000244140625,278.04998779296875,275.32000732421875,275.7200012207031,23916700
2021-07-12,266.7196044921875,277.32000732421875,279.7699890136719,276.5799865722656,279.1600036621094,18931700
2021-07-13,270.2396240234375,280.9800109863281,282.8500061035156,277.3900146484375,277.5199890136719,26120100
2021-07-14,271.7111511230469,282.510009765625,283.6600036621094,280.54998779296875,282.3500061035156,23113700
2021-07-15,270.2877197265625,281.0299987792969,282.510009765625,279.8299865722656,282.0,22604200
2021-07-16,270.01837158203125,280.75,284.1000061035156,279.4599914550781,282.07000732421875,26186800
2021-07-19,266.4214172363281,277.010009765625,280.3699951171875,274.45001220703125,278.92999267578125,32935600
2021-07-20,268.6430969238281,279.32000732421875,280.9700012207031,276.260009765625,278.0299987792969,26259700
2021-07-21,270.6435241699219,281.3999938964844,281.5199890136719,277.2900085449219,278.8999938964844,24364300
2021-07-22,275.202392578125,286.1400146484375,286.4200134277344,283.4200134277344,283.8399963378906,23384100
2021-07-23,278.59747314453125,289.6700134277344,289.989990234375,286.5,287.3699951171875,22768100
2021-07-26,278.0010681152344,289.04998779296875,289.69000244140625,286.6400146484375,289.0,23176100
2021-07-27,275.5870666503906,286.5400085449219,289.5799865722656,282.95001220703125,289.42999267578125,33604100
2021-07-28,275.2793273925781,286.2200012207031,290.1499938964844,283.8299865722656,288.989990234375,33566900
2021-07-29,275.54864501953125,286.5,288.6199951171875,286.0799865722656,286.239990234375,18168300
2021-07-30,274.0193786621094,284.9100036621094,286.6600036621094,283.9100036621094,285.1700134277344,20944800
2021-08-02,273.9328918457031,284.82000732421875,286.7699890136719,283.739990234375,286.3599853515625,16267400
2021-08-03,276.1448974609375,287.1199951171875,287.2300109863281,284.0,285.4200134277344,17879000
2021-08-04,275.5582275390625,286.510009765625,287.5899963378906,284.6499938964844,286.2200012207031,16191300
2021-08-05,278.4532165527344,289.5199890136719,289.6300048828125,286.1000061035156,286.8800048828125,13900200
2021-08-06,278.39544677734375,289.4599914550781,289.5,287.6199951171875,288.510009765625,16589300
2021-08-09,277.3087158203125,288.3299865722656,291.54998779296875,287.80999755859375,289.75,16117600
2021-08-10,275.4909973144531,286.44000244140625,289.25,285.20001220703125,288.79998779296875,18616600
2021-08-11,275.98138427734375,286.95001220703125,288.6600036621094,285.8599853515625,287.2099914550781,13955900
2021-08-12,278.7321472167969,289.80999755859375,289.9700012207031,286.3399963378906,286.6300048828125,14561300
2021-08-13,281.6559143066406,292.8500061035156,292.8999938964844,289.29998779296875,289.4800109863281,18249000
2021-08-16,283.3389587402344,294.6000061035156,294.82000732421875,290.0199890136719,293.19000244140625,22507600
2021-08-17,281.8770751953125,293.0799865722656,293.42999267578125,291.0799865722656,292.3900146484375,20075300
2021-08-18,280.1521911621094,290.7300109863281,294.82000732421875,290.2699890136719,292.0400085449219,21813000
2021-08-19,285.97247314453125,296.7699890136719,297.4700012207031,288.6400146484375,288.69000244140625,29850500
2021-08-20,293.28631591796875,304.3599853515625,305.8399963378906,298.05999755859375,299.7200012207031,40817600
2021-08-23,293.5657958984375,304.6499938964844,305.3999938964844,301.8500061035156,303.25,22830200
2021-08-24,291.60968017578125,302.6199951171875,305.6499938964844,302.0,305.0199890136719,18175800
2021-08-25,291.0218200683594,302.010009765625,304.5899963378906,300.4200134277344,304.29998779296875,20006100
2021-08-26,288.2080383300781,299.0899963378906,302.42999267578125,298.95001220703125,300.989990234375,17666100
2021-08-27,288.8151550292969,299.7200012207031,300.8699951171875,296.8299865722656,298.989990234375,22605700
2021-08-30,292.5443420410156,303.5899963378906,304.2200012207031,301.05999755859375,301.1199951171875,16348100
2021-08-31,290.89654541015625,301.8800048828125,304.5,301.5,304.4200134277344,26285300
2021-09-01,290.848388671875,301.8299865722656,305.19000244140625,301.489990234375,302.8699951171875,18983800
2021-09-02,290.1931457519531,301.1499938964844,303.3599853515625,300.17999267578125,302.20001220703125,16285600
2021-09-03,290.1834411621094,301.1400146484375,302.6000061035156,300.260009765625,300.989990234375,14747900
2021-09-07,289.2583923339844,300.17999267578125,301.0899963378906,298.20001220703125,301.010009765625,17180400
2021-09-08,289.28729248046875,300.2099914550781,300.6099853515625,297.4700012207031,299.7799987792969,15046800
2021-09-09,286.4350280761719,297.25,302.1400146484375,297.0,300.82000732421875,19927000
2021-09-10,284.9510498046875,295.7099914550781,299.9200134277344,295.3800048828125,298.4200134277344,19633400
2021-09-13,286.1844482421875,296.989990234375,298.5400085449219,294.0799865722656,297.54998779296875,23652900
2021-09-14,288.8825988769531,299.7900085449219,301.3900146484375,298.1000061035156,299.55999755859375,21853400
2021-09-15,293.7296142578125,304.82000732421875,305.32000732421875,301.82000732421875,303.260009765625,28356300
2021-09-16,294.11505126953125,305.2200012207031,305.30999755859375,300.760009765625,303.760009765625,19550800
2021-09-17,288.959716796875,299.8699951171875,304.5,299.5299987792969,304.1700134277344,41372500
2021-09-20,283.59234619140625,294.29998779296875,298.7200012207031,289.5199890136719,296.3299865722656,38278700
2021-09-21,284.0740966796875,294.79998779296875,297.5400085449219,294.07000732421875,295.69000244140625,22364100
2021-09-22,287.7166748046875,298.5799865722656,300.2200012207031,294.510009765625,296.7300109863281,26626300
2021-09-23,288.66094970703125,299.55999755859375,300.8999938964844,297.5299987792969,298.8500061035156,18604600
2021-09-24,288.45867919921875,299.3500061035156,299.79998779296875,296.92999267578125,298.2300109863281,14999000
2021-09-27,283.4670715332031,294.1700134277344,296.4700012207031,292.94000244140625,296.1400146484375,23571700
2021-09-28,273.2045593261719,283.5199890136719,290.7799987792969,282.75,289.79998779296875,43186200
2021-09-29,273.66717529296875,284.0,286.7699890136719,283.010009765625,285.1000061035156,26353700
2021-09-30,271.6627502441406,281.9200134277344,287.8299865722656,281.6199951171875,285.7099914550781,32343600
2021-10-01,278.58154296875,289.1000061035156,289.9800109863281,281.2900085449219,282.1199951171875,30086300
2021-10-04,272.8095397949219,283.1099853515625,287.75,280.25,287.3999938964844,31350700
2021-10-05,278.25396728515625,288.760009765625,290.3999938964844,284.04998779296875,284.04998779296875,24993000
2021-10-06,282.4456481933594,293.1099853515625,293.6300048828125,285.510009765625,285.7799987792969,28002600
2021-10-07,284.12237548828125,294.8500061035156,296.6400146484375,293.9200134277344,295.17999267578125,20430500
2021-10-08,284.12237548828125,294.8500061035156,296.6400146484375,293.760009765625,296.2200012207031,17685700
2021-10-11,283.5248718261719,294.2300109863281,297.9700012207031,292.75,292.9200134277344,19298600
2021-10-12,282.2239990234375,292.8800048828125,295.44000244140625,292.3500061035156,295.3399963378906,17974100
2021-10-13,285.52923583984375,296.30999755859375,297.2799987792969,293.489990234375,294.9100036621094,23416300
2021-10-14,291.7349548339844,302.75,303.2699890136719,297.8299865722656,299.2099914550781,27262900
2021-10-15,293.1418151855469,304.2099914550781,304.45001220703125,300.5199890136719,302.3399963378906,25384800
2021-10-18,296.10968017578125,307.2900085449219,308.2099914550781,302.69000244140625,303.57000732421875,22729300
2021-10-19,297.0155029296875,308.2300109863281,309.29998779296875,307.2200012207031,308.3500061035156,17682100
2021-10-20,296.225341796875,307.4100036621094,309.70001220703125,306.1099853515625,309.2099914550781,16537100
2021-10-21,299.4535217285156,310.760009765625,311.0199890136719,306.3599853515625,307.1700134277344,16918100
2021-10-22,297.9116516113281,309.1600036621094,311.0899963378906,307.79998779296875,310.3999938964844,17449300
2021-10-25,296.9191589355469,308.1300048828125,309.3999938964844,306.4599914550781,309.3599853515625,17554500
2021-10-26,298.8271179199219,310.1099853515625,312.3999938964844,308.6000061035156,311.0,28107300
2021-10-27,311.41192626953125,323.1700134277344,326.1000061035156,316.0,316.0,52588700
2021-10-28,312.54901123046875,324.3500061035156,324.8699951171875,321.3599853515625,324.3299865722656,26297900
2021-10-29,319.5545349121094,331.6199951171875,332.0,323.8999938964844,324.1300048828125,34766000
2021-11-01,317.386474609375,329.3699951171875,331.489990234375,326.3699951171875,331.3599853515625,27073200
2021-11-02,321.0096130371094,333.1300048828125,333.45001220703125,330.0,330.30999755859375,26487100
2021-11-03,321.8479309082031,334.0,334.8999938964844,330.6499938964844,333.8999938964844,21500100
2021-11-04,324.19915771484375,336.44000244140625,336.5400085449219,329.510009765625,332.8900146484375,23992200
2021-11-05,323.8330078125,336.05999755859375,338.7900085449219,334.4200134277344,338.510009765625,22570100
2021-11-08,324.72918701171875,336.989990234375,337.6499938964844,334.44000244140625,337.29998779296875,20897000
2021-11-09,323.72698974609375,335.95001220703125,338.7200012207031,334.5299987792969,337.1099853515625,21307400
2021-11-10,318.7643127441406,330.79998779296875,334.6300048828125,329.9200134277344,334.57000732421875,25500900
2021-11-11,320.3350524902344,332.42999267578125,333.7699890136719,330.510009765625,331.25,16849800
2021-11-12,324.4690246582031,336.7200012207031,337.2300109863281,333.7900085449219,333.9200134277344,23831000
2021-11-15,323.84259033203125,336.07000732421875,337.8800048828125,334.0299987792969,337.5400085449219,16723000
2021-11-16,327.1574401855469,339.510009765625,340.6700134277344,335.510009765625,335.67999267578125,20886800
2021-11-17,327.37945556640625,339.1199951171875,342.19000244140625,338.0,338.94000244140625,19053400
2021-11-18,329.4550476074219,341.2699890136719,342.45001220703125,337.1199951171875,338.17999267578125,22463500
2021-11-19,331.2313537597656,343.1099853515625,345.1000061035156,342.20001220703125,342.6400146484375,21963400
2021-11-22,328.0649108886719,339.8299865722656,349.6700134277344,339.54998779296875,344.6199951171875,31031100
2021-11-23,325.9894104003906,337.67999267578125,339.45001220703125,333.55999755859375,337.04998779296875,30427600
2021-11-24,326.2113952636719,337.9100036621094,338.1600036621094,333.9100036621094,336.2799987792969,21661300
2021-11-26,318.2663269042969,329.67999267578125,337.92999267578125,328.1199951171875,334.3500061035156,24217200
2021-11-29,324.9756774902344,336.6300048828125,339.0299987792969,334.739990234375,334.94000244140625,28563500
2021-11-30,319.144775390625,330.5899963378906,337.7799987792969,328.989990234375,335.32000732421875,42885600
2021-12-01,318.6524658203125,330.0799865722656,339.2799987792969,329.3900146484375,335.1300048828125,33337600
2021-12-02,318.0828857421875,329.489990234375,333.489990234375,327.79998779296875,330.29998779296875,30766000
2021-12-03,311.8271789550781,323.010009765625,332.70001220703125,318.0299987792969,331.989990234375,41779300
2021-12-06,314.89715576171875,326.19000244140625,327.45001220703125,319.2300109863281,323.95001220703125,30032600
2021-12-07,323.3249206542969,334.9200134277344,335.79998779296875,330.1000061035156,331.6400146484375,31021900
2021-12-08,323.3731994628906,334.9700012207031,335.5,330.79998779296875,335.30999755859375,24761000
2021-12-09,321.56787109375,333.1000061035156,336.489990234375,332.1199951171875,334.4100036621094,22214200
2021-12-10,330.6811218261719,342.5400085449219,343.0,334.7900085449219,334.9800109863281,38095700
2021-12-13,327.6497802734375,339.3999938964844,343.7900085449219,339.0799865722656,340.67999267578125,28899400
2021-12-14,316.97271728515625,328.3399963378906,334.6400146484375,324.1099853515625,333.2200012207031,44438700
2021-12-15,323.064208984375,334.6499938964844,335.19000244140625,324.5,328.6099853515625,35381100
2021-12-16,313.65179443359375,324.8999938964844,336.760009765625,323.0199890136719,335.7099914550781,35034800
2021-12-17,312.5898742675781,323.79998779296875,324.9200134277344,317.25,320.8800048828125,47750300
2021-12-20,308.8345947265625,319.9100036621094,322.79998779296875,317.57000732421875,320.04998779296875,28326500
2021-12-21,315.9590148925781,327.2900085449219,327.7300109863281,319.79998779296875,323.2900085449219,24740600
2021-12-22,321.6644592285156,333.20001220703125,333.6099853515625,325.75,328.29998779296875,24831500
2021-12-23,323.1029052734375,334.69000244140625,336.3900146484375,332.7300109863281,332.75,19617800
2021-12-27,330.59423828125,342.45001220703125,342.4800109863281,335.42999267578125,335.4599914550781,19947000
2021-12-28,329.4356994628906,341.25,343.80999755859375,340.32000732421875,343.1499938964844,15661500
2021-12-29,330.1114807128906,341.95001220703125,344.29998779296875,339.67999267578125,341.29998779296875,15042000
2021-12-30,327.57257080078125,339.32000732421875,343.1300048828125,338.82000732421875,341.9100036621094,15994500
2021-12-31,324.6764221191406,336.32000732421875,339.3599853515625,335.8500061035156,338.510009765625,18000800
2022-01-03,323.16082763671875,334.75,338.0,329.7799987792969,335.3500061035156,28865100
2022-01-04,317.6194763183594,329.010009765625,335.20001220703125,326.1199951171875,334.8299865722656,32674300
2022-01-05,305.4267578125,316.3800048828125,326.07000732421875,315.9800109863281,325.8599853515625,40054300
2022-01-06,303.0133056640625,313.8800048828125,318.70001220703125,311.489990234375,313.1499938964844,39646100
2022-01-07,303.1678161621094,314.0400085449219,316.5,310.0899963378906,314.1499938964844,32720000
2022-01-10,303.3897705078125,314.2699890136719,314.7200012207031,304.69000244140625,309.489990234375,44289500
2022-01-11,304.07525634765625,314.9800109863281,316.6099853515625,309.8900146484375,313.3800048828125,29386800
2022-01-12,307.25128173828125,318.2699890136719,323.4100036621094,317.0799865722656,319.6700134277344,34372200
2022-01-13,294.2476501464844,304.79998779296875,320.8800048828125,304.0,320.4700012207031,45366000
2022-01-14,299.4607238769531,310.20001220703125,310.82000732421875,303.75,304.25,39846400
2022-01-18,292.1720886230469,302.6499938964844,309.79998779296875,301.739990234375,304.07000732421875,42333200
2022-01-19,292.82855224609375,303.3299865722656,313.9100036621094,302.70001220703125,306.2900085449219,45933900
2022-01-20,291.1584167480469,301.6000061035156,311.6499938964844,301.1400146484375,309.07000732421875,35380700
2022-01-21,285.78131103515625,296.0299987792969,304.1099853515625,295.6099853515625,302.69000244140625,57984400
2022-01-24,286.10955810546875,296.3699951171875,297.1099853515625,276.04998779296875,292.20001220703125,85731500
2022-01-25,278.5023193359375,288.489990234375,294.989990234375,285.1700134277344,291.5199890136719,72848600
2022-01-26,286.437744140625,296.7099914550781,308.5,293.0299987792969,307.989990234375,90428900
2022-01-27,289.45941162109375,299.8399963378906,307.29998779296875,297.92999267578125,302.6600036621094,53481300
2022-01-28,297.5879211425781,308.260009765625,308.4800109863281,294.45001220703125,300.2300109863281,49743700
2022-01-31,300.2137451171875,310.9800109863281,312.3800048828125,306.3699951171875,308.95001220703125,46444500
2022-02-01,298.0706481933594,308.760009765625,310.6300048828125,305.1300048828125,310.4100036621094,40950400
2022-02-02,302.6078186035156,313.4599914550781,315.1199951171875,308.8800048828125,309.6300048828125,36636000
2022-02-03,290.820556640625,301.25,311.2300109863281,299.9599914550781,309.489990234375,43730000
2022-02-04,295.34820556640625,305.94000244140625,308.79998779296875,299.9700012207031,300.2099914550781,35096500
2022-02-07,290.5309753417969,300.95001220703125,307.8399963378906,299.8999938964844,306.1700134277344,28533300
2022-02-08,294.01593017578125,304.55999755859375,305.55999755859375,299.95001220703125,301.25,32421200
2022-02-09,300.435791015625,311.2099914550781,311.92999267578125,307.3900146484375,309.8699951171875,31284700
2022-02-10,291.9114685058594,302.3800048828125,309.1199951171875,300.70001220703125,304.0400085449219,45386200
2022-02-11,284.8255920410156,295.0400085449219,304.2900085449219,294.2200012207031,303.19000244140625,39175600
2022-02-14,284.7869567871094,295.0,296.760009765625,291.3500061035156,293.7699890136719,36359500
2022-02-15,290.0675354003906,300.4700012207031,300.79998779296875,297.0199890136719,300.010009765625,27058300
2022-02-16,289.7290344238281,299.5,300.8699951171875,293.67999267578125,298.3699951171875,29982100
2022-02-17,281.2451171875,290.7300109863281,296.79998779296875,290.0,296.3599853515625,32461600
2022-02-18,278.53643798828125,287.92999267578125,293.8599853515625,286.30999755859375,293.04998779296875,34264000
2022-02-22,278.33331298828125,287.7200012207031,291.5400085449219,284.5,285.0,41736100
2022-02-23,271.1263427734375,280.2699890136719,291.70001220703125,280.1000061035156,290.17999267578125,37811200
2022-02-24,284.9792175292969,294.5899963378906,295.1600036621094,271.5199890136719,272.510009765625,56989700
2022-02-25,287.6104431152344,297.30999755859375,297.6300048828125,291.6499938964844,295.1400146484375,32546700
2022-02-28,289.04217529296875,298.7900085449219,299.1400146484375,293.0,294.30999755859375,34627500
2022-03-01,285.327392578125,294.95001220703125,299.9700012207031,292.1499938964844,296.3999938964844,31217800
2022-03-02,290.3965148925781,300.19000244140625,301.4700012207031,293.70001220703125,295.3599853515625,31873000
2022-03-03,286.26580810546875,295.9200134277344,303.1300048828125,294.04998779296875,302.8900146484375,27314500
2022-03-04,280.403564453125,289.8599853515625,295.6600036621094,287.1700134277344,294.2900085449219,32356500
2022-03-07,269.81072998046875,278.9100036621094,289.69000244140625,278.5299987792969,288.5299987792969,43157200
2022-03-08,266.8506164550781,275.8500061035156,283.9599914550781,270.0,277.79998779296875,48159500
2022-03-09,279.0878601074219,288.5,289.6000061035156,280.7799987792969,283.44000244140625,35204500
2022-03-10,276.2728271484375,285.5899963378906,286.6000061035156,280.5799865722656,283.0199890136719,30628000
2022-03-11,270.9329528808594,280.07000732421875,289.510009765625,279.42999267578125,287.9599914550781,27209300
2022-03-14,267.4212951660156,276.44000244140625,285.3999938964844,275.82000732421875,280.3399963378906,30660700
2022-03-15,277.781982421875,287.1499938964844,287.82000732421875,278.7300109863281,280.3500061035156,34245100
2022-03-16,284.7857666015625,294.3900146484375,294.57000732421875,283.20001220703125,289.1099853515625,37826300
2022-03-17,285.588623046875,295.2200012207031,295.6099853515625,289.3699951171875,293.2900085449219,30816600
2022-03-18,290.62860107421875,300.42999267578125,301.0,292.7300109863281,295.3699951171875,43390600
2022-03-21,289.4001159667969,299.1600036621094,300.1400146484375,294.8999938964844,298.8900146484375,28351200
2022-03-22,294.1402282714844,304.05999755859375,305.0,298.7699890136719,299.79998779296875,27599700
2022-03-23,289.7193298339844,299.489990234375,303.2300109863281,297.7200012207031,300.510009765625,25715400
2022-03-24,294.178955078125,304.1000061035156,304.20001220703125,298.32000732421875,299.1400146484375,24484500
2022-03-25,293.7726135253906,303.67999267578125,305.5,299.2900085449219,305.2300109863281,22566500
2022-03-28,300.5635681152344,310.70001220703125,310.79998779296875,304.3299865722656,304.3299865722656,29578200
2022-03-29,305.1199645996094,315.4100036621094,315.82000732421875,309.04998779296875,313.9100036621094,30393400
2022-03-30,303.6204833984375,313.8599853515625,315.95001220703125,311.5799865722656,313.760009765625,28163600
2022-03-31,298.2515563964844,308.30999755859375,315.1400146484375,307.8900146484375,313.8999938964844,33422100
2022-04-01,299.3253479003906,309.4200134277344,310.1300048828125,305.5400085449219,309.3699951171875,27110500
2022-04-04,304.69427490234375,314.9700012207031,315.1099853515625,309.7099914550781,310.0899963378906,24289600
2022-04-05,300.7377624511719,310.8800048828125,314.8699951171875,309.8699951171875,313.2699890136719,23156700
2022-04-06,289.7290344238281,299.5,307.0,296.7099914550781,305.19000244140625,40110400
2022-04-07,291.5379638671875,301.3699951171875,303.6499938964844,296.3500061035156,296.6600036621094,31411200
2022-04-08,287.2815246582031,296.9700012207031,301.1199951171875,296.2799987792969,300.44000244140625,24361900
2022-04-11,275.9535217285156,285.260009765625,292.6099853515625,285.0,291.7900085449219,34569300
2022-04-12,272.8579406738281,282.05999755859375,290.739990234375,280.489990234375,289.239990234375,30966700
2022-04-13,278.2365417480469,287.6199951171875,288.5799865722656,281.29998779296875,282.7300109863281,21907200
2022-04-14,270.70068359375,279.8299865722656,288.30999755859375,279.32000732421875,288.0899963378906,28221600
2022-04-18,271.36822509765625,280.5199890136719,282.4599914550781,278.3399963378906,278.9100036621094,20778000
2022-04-19,275.9923095703125,285.29998779296875,286.1700134277344,278.4100036621094,279.3800048828125,22297700
2022-04-20,277.0176086425781,286.3599853515625,289.70001220703125,285.3699951171875,289.3999938964844,22906700
2022-04-21,271.6487731933594,280.80999755859375,293.29998779296875,280.05999755859375,288.5799865722656,29454600
2022-04-22,265.0898742675781,274.0299987792969,283.20001220703125,273.3800048828125,281.67999267578125,29405800
2022-04-25,271.5617370605469,280.7200012207031,281.1099853515625,270.7699890136719,273.2900085449219,35678900
2022-04-26,261.4042053222656,270.2200012207031,278.3599853515625,270.0,277.5,46518400
2022-04-27,273.9801330566406,283.2200012207031,290.9700012207031,279.1600036621094,282.1000061035156,63477700
2022-04-28,280.1810302734375,289.6300048828125,290.9800109863281,281.4599914550781,285.19000244140625,33646600
2022-04-29,268.466064453125,277.5199890136719,289.8800048828125,276.5,288.6099853515625,37073900
2022-05-02,275.1893310546875,284.4700012207031,284.94000244140625,276.2200012207031,277.7099914550781,35151100
2022-05-03,272.58709716796875,281.7799987792969,284.1300048828125,280.1499938964844,283.9599914550781,25978600
2022-05-04,280.5196533203125,289.9800109863281,290.8800048828125,276.7300109863281,282.5899963378906,33599300
2022-05-05,268.3016357421875,277.3500061035156,286.3500061035156,274.3399963378906,285.5400085449219,43260400
2022-05-06,265.7671203613281,274.7300109863281,279.25,271.2699890136719,274.80999755859375,37780300
2022-05-09,255.94821166992188,264.5799865722656,272.3599853515625,263.32000732421875,270.05999755859375,47726000
2022-05-10,260.7077331542969,269.5,273.75,265.07000732421875,271.69000244140625,39336400
2022-05-11,252.04969787597656,260.54998779296875,271.3599853515625,259.29998779296875,265.67999267578125,48975900
2022-05-12,247.01937866210938,255.35000610351562,259.8800048828125,250.02000427246094,257.69000244140625,51033800
2022-05-13,252.60113525390625,261.1199951171875,263.0400085449219,255.35000610351562,257.3500061035156,34925100
2022-05-16,252.96876525878906,261.5,265.82000732421875,255.77999877929688,259.9599914550781,32550900
2022-05-17,258.11517333984375,266.82000732421875,268.3299865722656,262.4599914550781,266.1099853515625,28828800
2022-05-18,246.36326599121094,254.0800018310547,263.6000061035156,252.77000427246094,263.0,31356000
2022-05-19,245.4517822265625,253.13999938964844,257.6700134277344,251.8800048828125,253.89999389648438,32692300
2022-05-20,244.88941955566406,252.55999755859375,258.5400085449219,246.44000244140625,257.239990234375,39199300
2022-05-23,252.7336883544922,260.6499938964844,261.5,253.42999267578125,255.49000549316406,33175400
2022-05-24,251.73500061035156,259.6199951171875,261.3299865722656,253.5,257.8900146484375,29043900
2022-05-25,254.54689025878906,262.5199890136719,264.5799865722656,257.1300048828125,258.1400146484375,28547900
2022-05-26,257.8243408203125,265.8999938964844,267.1099853515625,261.42999267578125,262.2699890136719,25002100
2022-05-27,264.94134521484375,273.239990234375,273.3399963378906,267.55999755859375,268.4800109863281,26910800
2022-05-31,263.6129455566406,271.8699951171875,274.7699890136719,268.92999267578125,272.5299987792969,37827700
2022-06-01,264.1462707519531,272.4200134277344,277.69000244140625,270.0400085449219,275.20001220703125,25292200
2022-06-02,266.2406311035156,274.5799865722656,274.6499938964844,261.6000061035156,264.45001220703125,44008200
2022-06-03,261.819091796875,270.0199890136719,273.45001220703125,268.4100036621094,270.30999755859375,28059000
2022-06-06,260.58770751953125,268.75,274.17999267578125,267.2200012207031,272.05999755859375,22400300
2022-06-07,264.22381591796875,272.5,273.1300048828125,265.94000244140625,266.6400146484375,22860700
2022-06-08,262.19732666015625,270.4100036621094,273.0,269.6099853515625,271.7099914550781,17372300
2022-06-09,256.748046875,264.7900085449219,272.7099914550781,264.6300048828125,267.7799987792969,26439700
2022-06-10,245.30636596679688,252.99000549316406,260.5799865722656,252.52999877929688,260.5799865722656,31422800
2022-06-13,234.9022674560547,242.25999450683594,249.02000427246094,241.52999877929688,245.11000061035156,46135800
2022-06-14,237.06454467773438,244.49000549316406,245.74000549316406,241.50999450683594,243.86000061035156,28651500
2022-06-15,244.11370849609375,251.75999450683594,255.3000030517578,246.4199981689453,248.30999755859375,33111700
2022-06-16,237.5299530029297,244.97000122070312,247.4199981689453,243.02000427246094,245.97999572753906,33169200
2022-06-17,240.12855529785156,247.64999389648438,250.5,244.02999877929688,244.6999969482422,43084800
2022-06-21,246.03359985351562,253.74000549316406,254.75,249.50999450683594,250.25999450683594,29928300
2022-06-22,245.442138671875,253.1300048828125,257.1700134277344,250.3699951171875,251.88999938964844,25939900
2022-06-23,250.998046875,258.8599853515625,259.3699951171875,253.6300048828125,255.57000732421875,25861400
2022-06-24,259.56964111328125,267.70001220703125,267.9800109863281,261.7200012207031,261.80999755859375,33923200
2022-06-27,256.8450012207031,264.8900146484375,268.29998779296875,263.2799987792969,268.2099914550781,24615100
2022-06-28,248.6903839111328,256.4800109863281,266.9100036621094,256.32000732421875,263.9800109863281,27295500
2022-06-29,252.3555908203125,260.260009765625,261.9700012207031,255.75999450683594,257.5899963378906,20069800
2022-06-30,249.0297393798828,256.8299865722656,259.5299987792969,252.89999389648438,257.04998779296875,31730900
2022-07-01,251.69619750976562,259.5799865722656,259.7699890136719,254.61000061035156,256.3900146484375,22837700
2022-07-05,254.86691284179688,262.8500061035156,262.9800109863281,254.74000549316406,256.1600036621094,22941000
2022-07-06,258.1248474121094,266.2099914550781,267.989990234375,262.3999938964844,263.75,23824400
2022-07-07,260.24835205078125,268.3999938964844,269.05999755859375,265.0199890136719,265.1199951171875,20859900
2022-07-08,259.53082275390625,267.6600036621094,268.1000061035156,263.2900085449219,264.7900085449219,19658800
2022-07-11,256.4764404296875,264.510009765625,266.5299987792969,262.17999267578125,265.6499938964844,19455200
2022-07-12,245.9657440185547,253.6699981689453,265.94000244140625,252.0399932861328,265.8800048828125,35868500
2022-07-13,245.0446014404297,252.72000122070312,253.5500030517578,248.11000061035156,250.19000244140625,29497400
2022-07-14,246.36326599121094,254.0800018310547,255.13999938964844,245.94000244140625,250.57000732421875,25102800
2022-07-15,248.923095703125,256.7200012207031,260.3699951171875,254.77000427246094,255.72000122070312,29774100
2022-07-18,246.52810668945312,254.25,260.8399963378906,253.3000030517578,259.75,20975000
2022-07-19,251.6477508544922,259.5299987792969,259.7200012207031,253.67999267578125,257.5799865722656,25012600
2022-07-20,254.30458068847656,262.2699890136719,264.8699951171875,258.9100036621094,259.8999938964844,22788300
2022-07-21,256.79644775390625,264.8399963378906,264.8900146484375,257.0299987792969,259.7900085449219,22404700
2022-07-22,252.45249938964844,260.3599853515625,265.3299865722656,259.07000732421875,265.239990234375,21881300
2022-07-25,250.96900939941406,258.8299865722656,261.5,256.80999755859375,261.0,21056000
2022-07-26,244.2494659423828,251.89999389648438,259.8800048828125,249.57000732421875,259.8599853515625,39348000
2022-07-27,260.5780029296875,268.739990234375,270.04998779296875,258.8500061035156,261.1600036621094,45994000
2022-07-28,268.0151062011719,276.4100036621094,277.8399963378906,267.8699951171875,269.75,33459300
2022-07-29,272.21356201171875,280.739990234375,282.0,276.6300048828125,277.70001220703125,32152800
2022-08-01,269.5665588378906,278.010009765625,281.2799987792969,275.8399963378906,277.82000732421875,21539600
2022-08-02,266.47332763671875,274.82000732421875,277.8900146484375,272.3800048828125,276.0,22754200
2022-08-03,273.89105224609375,282.4700012207031,283.5,276.6099853515625,276.760009765625,23518900
2022-08-04,275.0351867675781,283.6499938964844,283.79998779296875,280.1700134277344,281.79998779296875,18098700
2022-08-05,274.3175964355469,282.9100036621094,283.6499938964844,278.67999267578125,279.1499938964844,16774600
2022-08-08,271.806396484375,280.32000732421875,285.9200134277344,279.32000732421875,284.04998779296875,18739200
2022-08-09,273.7261657714844,282.29998779296875,283.0799865722656,277.6099853515625,279.6400146484375,23405200
2022-08-10,280.3778076171875,289.1600036621094,289.80999755859375,286.94000244140625,288.1700134277344,24687800
2022-08-11,278.30279541015625,287.0199890136719,291.2099914550781,286.510009765625,290.8500061035156,20065900
2022-08-12,283.0443420410156,291.9100036621094,291.9100036621094,286.94000244140625,288.4800109863281,22619700
2022-08-15,284.55694580078125,293.4700012207031,294.17999267578125,290.1099853515625,291.0,18085700
2022-08-16,283.8200378417969,292.7099914550781,294.0400085449219,290.4200134277344,291.989990234375,18102900
2022-08-17,283.0718078613281,291.32000732421875,293.3500061035156,289.4700012207031,289.739990234375,18253400
2022-08-18,281.9543762207031,290.1700134277344,291.9100036621094,289.0799865722656,290.19000244140625,17186200
2022-08-19,278.04815673828125,286.1499938964844,289.25,285.55999755859375,288.8999938964844,20570000
2022-08-22,269.885986328125,277.75,282.4599914550781,277.2200012207031,282.0799865722656,25061100
2022-08-23,268.6131286621094,276.44000244140625,278.8599853515625,275.3999938964844,276.44000244140625,17527400
2022-08-24,267.98150634765625,275.7900085449219,277.2300109863281,275.1099853515625,275.4100036621094,18137000
2022-08-25,270.9548645019531,278.8500061035156,279.0199890136719,274.5199890136719,277.3299865722656,16583400
2022-08-26,260.4995422363281,268.0899963378906,280.3399963378906,267.9800109863281,279.0799865722656,27549300
2022-08-29,257.72052001953125,265.2300109863281,267.3999938964844,263.8500061035156,265.8500061035156,20338500
2022-08-30,255.52450561523438,262.9700012207031,267.04998779296875,260.6600036621094,266.6700134277344,22767100
2022-08-31,254.06695556640625,261.4700012207031,267.1099853515625,261.3299865722656,265.3900146484375,24791800
2022-09-01,253.02725219726562,260.3999938964844,260.8900146484375,255.41000366210938,258.8699951171875,23263400
2022-09-02,248.81016540527344,256.05999755859375,264.739990234375,254.47000122070312,261.70001220703125,22855400
2022-09-06,246.07968139648438,253.25,257.8299865722656,251.94000244140625,256.20001220703125,21328200
2022-09-07,250.78268432617188,258.0899963378906,258.8299865722656,253.22000122070312,254.6999969482422,24126700
2022-09-08,251.20045471191406,258.5199890136719,260.42999267578125,254.7899932861328,257.510009765625,20319900
2022-09-09,256.9722900390625,264.4599914550781,265.2300109863281,260.2900085449219,260.5,22084700
2022-09-12,259.1003723144531,266.6499938964844,267.45001220703125,265.1600036621094,265.7799987792969,18747700
2022-09-13,244.85536193847656,251.99000549316406,260.3999938964844,251.58999633789062,258.8399963378906,33353300
2022-09-14,245.078857421875,252.22000122070312,254.22999572753906,249.86000061035156,253.52999877929688,23913000
2022-09-15,238.43251037597656,245.3800048828125,251.39999389648438,244.02000427246094,249.77000427246094,31530900
2022-09-16,237.81065368652344,244.74000549316406,245.3000030517578,242.05999755859375,244.25999450683594,39791800
2022-09-19,237.59689331054688,244.52000427246094,245.13999938964844,240.85000610351562,242.47000122070312,26826900
2022-09-20,235.58546447753906,242.4499969482422,243.50999450683594,239.63999938964844,242.07000732421875,26660300
2022-09-21,232.18460083007812,238.9499969482422,247.66000366210938,238.89999389648438,244.27000427246094,28625600
2022-09-22,234.1571044921875,240.97999572753906,243.86000061035156,237.57000732421875,237.8699951171875,31061200
2022-09-23,231.1837615966797,237.9199981689453,241.1300048828125,235.1999969482422,239.5399932861328,34176000
2022-09-26,230.72706604003906,237.4499969482422,241.4499969482422,236.89999389648438,237.0500030517578,27694200
2022-09-27,229.7164764404297,236.41000366210938,241.8000030517578,234.5,239.97999572753906,27018700
2022-09-28,234.24459838867188,241.07000732421875,242.3300018310547,234.72999572753906,236.80999755859375,29029700
2022-09-29,230.77561950683594,237.5,239.9499969482422,234.41000366210938,238.88999938964844,27484200
2022-09-30,226.3058624267578,232.89999389648438,240.5399932861328,232.72999572753906,238.2899932861328,35694800
2022-10-03,233.92388916015625,240.74000549316406,241.61000061035156,234.66000366210938,235.41000366210938,28880400
2022-10-04,241.83343505859375,248.8800048828125,250.36000061035156,244.97999572753906,245.08999633789062,34888400
2022-10-05,242.14437866210938,249.1999969482422,250.5800018310547,244.10000610351562,245.99000549316406,20347100
2022-10-06,239.80259704589844,246.7899932861328,250.33999633789062,246.0800018310547,247.92999267578125,20239900
2022-10-07,227.60792541503906,234.24000549316406,241.32000732421875,233.1699981689453,240.89999389648438,37769600
2022-10-10,222.7592315673828,229.25,234.55999755859375,226.72999572753906,233.0500030517578,29743600
2022-10-11,219.0279541015625,225.41000366210938,229.05999755859375,224.11000061035156,227.6199951171875,30474000
2022-10-12,219.3583221435547,225.75,227.86000061035156,223.9600067138672,225.39999389648438,21903900
2022-10-13,227.60792541503906,234.24000549316406,236.10000610351562,219.1300048828125,219.85000610351562,42551800
2022-10-14,222.0887451171875,228.55999755859375,237.24000549316406,228.33999633789062,235.5399932861328,30198600
2022-10-17,230.80477905273438,237.52999877929688,238.9600067138672,235.13999938964844,235.82000732421875,28142300
2022-10-18,231.74729919433594,238.5,243.92999267578125,235.3699951171875,243.24000549316406,26329600
2022-10-19,229.78451538085938,236.47999572753906,239.61000061035156,234.2899932861328,237.0399932861328,19985700
2022-10-20,229.46383666992188,236.14999389648438,241.30999755859375,234.8699951171875,235.77000427246094,21811000
2022-10-21,235.26483154296875,242.1199951171875,243.0,234.5,234.74000549316406,26299700
2022-10-24,240.24957275390625,247.25,247.83999633789062,241.3000030517578,243.75999450683594,24911200
2022-10-25,243.5630645751953,250.66000366210938,251.0399932861328,245.8300018310547,247.25999450683594,34775500
2022-10-26,224.77061462402344,231.32000732421875,238.3000030517578,230.05999755859375,231.1699981689453,82543200
2022-10-27,220.33001708984375,226.75,233.69000244140625,225.77999877929688,231.0399932861328,40424600
2022-10-28,229.19178771972656,235.8699951171875,236.60000610351562,226.0500030517578,226.24000549316406,40647700
2022-10-31,225.5576934814453,232.1300048828125,234.9199981689453,231.14999389648438,233.75999450683594,28357300
2022-11-01,221.7097625732422,228.1699981689453,235.74000549316406,227.3300018310547,234.60000610351562,30592300
2022-11-02,213.86827087402344,220.10000610351562,231.3000030517578,220.0399932861328,229.4600067138672,38407000
2022-11-03,208.1838836669922,214.25,220.41000366210938,213.97999572753906,220.08999633789062,36633900
2022-11-04,215.1217498779297,221.38999938964844,221.58999633789062,213.42999267578125,217.5500030517578,36789100
2022-11-07,221.4182891845703,227.8699951171875,228.41000366210938,221.27999877929688,221.99000549316406,33498000
2022-11-08,222.38998413085938,228.8699951171875,231.64999389648438,225.83999633789062,228.6999969482422,28192500
2022-11-09,218.1534423828125,224.50999450683594,228.6300048828125,224.3300018310547,227.3699951171875,27852900
2022-11-10,236.1004638671875,242.97999572753906,243.3300018310547,235.0,235.42999267578125,46268000
2022-11-11,240.11358642578125,247.11000061035156,247.99000549316406,241.92999267578125,242.99000549316406,34620200
2022-11-14,234.7109832763672,241.5500030517578,243.91000366210938,239.2100067138672,241.99000549316406,31123300
2022-11-15,235.11907958984375,241.97000122070312,247.0,240.02999877929688,245.66000366210938,31390100
2022-11-16,235.5478057861328,241.72999572753906,243.8000030517578,240.4199981689453,242.7899932861328,24093300
2022-11-17,235.4990997314453,241.67999267578125,243.25,237.6300048828125,237.77999877929688,23123500
2022-11-18,235.05084228515625,241.22000122070312,243.74000549316406,239.02999877929688,243.50999450683594,27613500
2022-11-21,235.85963439941406,242.0500030517578,244.6699981689453,241.19000244140625,241.42999267578125,26394700
2022-11-22,238.763427734375,245.02999877929688,245.30999755859375,240.7100067138672,243.58999633789062,19665700
2022-11-23,241.24819946289062,247.5800018310547,248.27999877929688,244.27000427246094,245.11000061035156,19508500
2022-11-25,241.1605224609375,247.49000549316406,248.6999969482422,246.72999572753906,247.30999755859375,9200800
2022-11-28,235.5770263671875,241.75999450683594,246.64999389648438,240.8000030517578,246.0800018310547,24778200
2022-11-29,234.1836395263672,240.3300018310547,242.7899932861328,238.2100067138672,241.39999389648438,17956300
2022-11-30,248.61483764648438,255.13999938964844,255.3300018310547,239.86000061035156,240.57000732421875,47594200
2022-12-01,248.17636108398438,254.69000244140625,256.1199951171875,250.9199981689453,253.8699951171875,26041500
2022-12-02,248.49794006347656,255.02000427246094,256.05999755859375,249.69000244140625,249.82000732421875,21528500
2022-12-05,243.80120849609375,250.1999969482422,253.82000732421875,248.05999755859375,252.00999450683594,23435300
2022-12-06,238.85110473632812,245.1199951171875,251.86000061035156,243.77999877929688,250.82000732421875,22463700
2022-12-07,238.1203155517578,244.3699951171875,246.16000366210938,242.2100067138672,244.8300018310547,20481500
2022-12-08,241.07278442382812,247.39999389648438,248.74000549316406,243.05999755859375,244.83999633789062,22611800
2022-12-09,239.14344787597656,245.4199981689453,248.30999755859375,244.16000366210938,244.6999969482422,20609700
2022-12-12,246.05210876464844,252.50999450683594,252.5399932861328,247.1699981689453,247.4499969482422,30665100
2022-12-13,250.349365234375,256.9200134277344,263.9200134277344,253.07000732421875,261.69000244140625,42196900
2022-12-14,250.64166259765625,257.2200012207031,262.5899963378906,254.30999755859375,257.1300048828125,35410900
2022-12-15,242.64161682128906,249.00999450683594,254.1999969482422,247.33999633789062,253.72000122070312,35560400
2022-12-16,238.43211364746094,244.69000244140625,249.83999633789062,243.50999450683594,248.5500030517578,86102000
2022-12-19,234.30052185058594,240.4499969482422,245.2100067138672,238.7100067138672,244.86000061035156,29696400
2022-12-20,235.61605834960938,241.8000030517578,242.91000366210938,238.4199981689453,239.39999389648438,25150800
2022-12-21,238.17874145507812,244.42999267578125,245.6199951171875,240.11000061035156,241.69000244140625,23690600
2022-12-22,232.09835815429688,238.19000244140625,241.99000549316406,233.8699951171875,241.25999450683594,28651700
2022-12-23,232.62454223632812,238.72999572753906,238.8699951171875,233.94000244140625,236.11000061035156,21207000
2022-12-27,230.89979553222656,236.9600067138672,238.92999267578125,235.8300018310547,238.6999969482422,16688600
2022-12-28,228.53196716308594,234.52999877929688,239.72000122070312,234.1699981689453,236.88999938964844,17457100
2022-12-29,234.84622192382812,241.00999450683594,241.9199981689453,235.64999389648438,235.64999389648438,19770700
2022-12-30,233.6866455078125,239.82000732421875,239.9600067138672,236.66000366210938,238.2100067138672,21938500
2023-01-03,233.45278930664062,239.5800018310547,245.75,237.39999389648438,243.0800018310547,25740000
2023-01-04,223.24082946777344,229.10000610351562,232.8699951171875,225.9600067138672,232.27999877929688,50623400
2023-01-05,216.6244659423828,222.30999755859375,227.5500030517578,221.75999450683594,227.1999969482422,39585600
2023-01-06,219.1774444580078,224.92999267578125,225.75999450683594,219.35000610351562,223.0,43613600
2023-01-09,221.3114776611328,227.1199951171875,231.24000549316406,226.41000366210938,226.4499969482422,27369800
2023-01-10,222.9971923828125,228.85000610351562,231.30999755859375,227.3300018310547,227.75999450683594,27033900
2023-01-11,229.740234375,235.77000427246094,235.9499969482422,231.11000061035156,231.2899932861328,28669300
2023-01-12,232.41015625,238.50999450683594,239.89999389648438,233.55999755859375,235.25999450683594,27269500
2023-01-13,233.11175537109375,239.22999572753906,239.3699951171875,234.9199981689453,237.0,21333300
2023-01-17,234.20310974121094,240.35000610351562,240.91000366210938,237.08999633789062,237.97000122070312,29831300
2023-01-18,229.7792205810547,235.80999755859375,242.3800048828125,235.52000427246094,241.57000732421875,30028700
2023-01-19,225.99847412109375,231.92999267578125,235.52000427246094,230.67999267578125,233.77999877929688,28623000
2023-01-20,234.07643127441406,240.22000122070312,240.74000549316406,234.50999450683594,234.86000061035156,35389800
2023-01-23,236.37608337402344,242.5800018310547,245.1699981689453,239.64999389648438,241.10000610351562,31934000
2023-01-24,235.84988403320312,242.0399932861328,243.9499969482422,240.44000244140625,242.5,40234400
2023-01-25,234.45645141601562,240.61000061035156,243.3000030517578,230.89999389648438,234.47999572753906,66526600
2023-01-26,241.657470703125,248.0,248.30999755859375,242.0,243.64999389648438,33454500
2023-01-27,241.81338500976562,248.16000366210938,249.8300018310547,246.8300018310547,248.99000549316406,26498900
2023-01-30,236.50277709960938,242.7100067138672,245.60000610351562,242.1999969482422,244.50999450683594,25867400
2023-01-31,241.47232055664062,247.80999755859375,247.9499969482422,242.9499969482422,243.4499969482422,26541100
2023-02-01,246.28598022460938,252.75,255.17999267578125,245.47000122070312,248.0,31259900
2023-02-02,257.8329162597656,264.6000061035156,264.69000244140625,257.25,258.82000732421875,39940400
2023-02-03,251.74276733398438,258.3500061035156,264.20001220703125,257.1000061035156,259.5400085449219,29077300
2023-02-06,250.20318603515625,256.7699890136719,258.29998779296875,254.77999877929688,257.44000244140625,22518000
2023-02-07,260.7172546386719,267.55999755859375,268.7699890136719,260.0799865722656,260.5299987792969,50841400
2023-02-08,259.908447265625,266.7300109863281,276.760009765625,266.2099914550781,273.20001220703125,54686000
2023-02-09,256.87799072265625,263.6199951171875,273.9800109863281,262.79998779296875,273.79998779296875,42375100
2023-02-10,256.3713073730469,263.1000061035156,264.0899963378906,260.6600036621094,261.5299987792969,25818500
2023-02-13,264.381103515625,271.32000732421875,274.6000061035156,267.1499938964844,267.6400146484375,44630900
2023-02-14,265.2093200683594,272.1700134277344,274.9700012207031,269.2799987792969,272.6700134277344,37047900
2023-02-15,263.08953857421875,269.32000732421875,270.7300109863281,266.17999267578125,268.32000732421875,28922400
2023-02-16,256.08538818359375,262.1499938964844,266.739990234375,261.8999938964844,264.0199890136719,29603600
2023-02-17,252.08998107910156,258.05999755859375,260.0899963378906,256.0,259.3900146484375,30000100
2023-02-21,246.82472229003906,252.6699981689453,255.49000549316406,251.58999633789062,254.47999572753906,28397400
2023-02-22,245.69154357910156,251.50999450683594,254.33999633789062,250.33999633789062,254.08999633789062,22491100
2023-02-23,248.87612915039062,254.77000427246094,256.8399963378906,250.47999572753906,255.55999755859375,29219100
2023-02-24,243.4545135498047,249.22000122070312,251.0,248.10000610351562,249.9600067138672,24990900
2023-02-27,244.3727569580078,250.16000366210938,252.82000732421875,249.38999938964844,252.4600067138672,21190000
2023-02-28,243.64987182617188,249.4199981689453,251.49000549316406,248.72999572753906,249.07000732421875,22491000
2023-03-01,240.57278442382812,246.27000427246094,250.92999267578125,245.7899932861328,250.75999450683594,27565300
2023-03-02,245.30081176757812,251.11000061035156,251.39999389648438,245.61000061035156,246.5500030517578,24808200
2023-03-03,249.3841094970703,255.2899932861328,255.6199951171875,251.38999938964844,252.19000244140625,30760100
2023-03-06,250.92755126953125,256.8699951171875,260.1199951171875,255.97999572753906,256.42999267578125,24109800
2023-03-07,248.2704620361328,254.14999389648438,257.69000244140625,253.38999938964844,256.29998779296875,21473200
2023-03-08,247.8308868408203,253.6999969482422,254.5399932861328,250.80999755859375,254.0399932861328,17340200
2023-03-09,246.4828338623047,252.32000732421875,259.55999755859375,251.5800018310547,255.82000732421875,26653400
2023-03-10,242.83908081054688,248.58999633789062,252.7899932861328,247.60000610351562,251.0800018310547,28333900
2023-03-13,248.0457763671875,253.9199981689453,257.9100036621094,245.72999572753906,247.39999389648438,33339700
2023-03-14,254.75680541992188,260.7900085449219,261.07000732421875,255.86000061035156,256.75,33620300
2023-03-15,259.29925537109375,265.44000244140625,266.4800109863281,259.2099914550781,259.9800109863281,46028000
2023-03-16,269.81036376953125,276.20001220703125,276.55999755859375,263.2799987792969,265.2099914550781,54768800
2023-03-17,272.9656066894531,279.42999267578125,283.3299865722656,276.32000732421875,278.260009765625,69527400
2023-03-20,265.93212890625,272.2300109863281,277.4800109863281,269.8500061035156,276.9800109863281,43466600
2023-03-21,267.4463195800781,273.7799987792969,275.0,269.5199890136719,274.8800048828125,34558700
2023-03-22,265.9908447265625,272.2900085449219,281.0400085449219,272.17999267578125,273.3999938964844,34873300
2023-03-23,271.23651123046875,277.6600036621094,281.05999755859375,275.20001220703125,277.94000244140625,36610900
2023-03-24,274.079345703125,280.57000732421875,280.6300048828125,275.2799987792969,277.239990234375,28172000
2023-03-27,269.9862060546875,276.3800048828125,281.4599914550781,275.5199890136719,280.5,26840200
2023-03-28,268.8628234863281,275.2300109863281,276.1400146484375,272.04998779296875,275.7900085449219,21878600
2023-03-29,274.0206298828125,280.510009765625,281.1400146484375,278.4100036621094,278.9599914550781,25087000
2023-03-30,277.4787292480469,284.04998779296875,284.4599914550781,281.4800109863281,284.2300109863281,25053400
2023-03-31,281.63037109375,288.29998779296875,289.2699890136719,283.0,283.7300109863281,32766000
2023-04-03,280.58526611328125,287.2300109863281,288.2699890136719,283.95001220703125,286.5199890136719,24883300
2023-04-04,280.5363464355469,287.17999267578125,290.45001220703125,285.6700134277344,287.2300109863281,25824300
2023-04-05,277.76202392578125,284.3399963378906,287.1499938964844,282.9200134277344,285.8500061035156,22064800
2023-04-06,284.8540954589844,291.6000061035156,292.0799865722656,282.0299987792969,283.2099914550781,29770300
2023-04-10,282.69525146484375,289.3900146484375,289.6000061035156,284.7099914550781,289.2099914550781,23103000
2023-04-11,276.2869567871094,282.8299865722656,285.9800109863281,281.6400146484375,285.75,27276600
2023-04-12,276.9317321777344,283.489990234375,287.010009765625,281.9599914550781,284.7900085449219,27403400
2023-04-13,283.1348571777344,289.8399963378906,289.8999938964844,283.1700134277344,283.5899963378906,24222700
2023-04-14,279.5203857421875,286.1400146484375,288.4800109863281,283.69000244140625,287.0,20987900
2023-04-17,282.1188659667969,288.79998779296875,291.6000061035156,286.1600036621094,289.92999267578125,23836200
2023-04-18,281.6988220214844,288.3699951171875,291.760009765625,287.010009765625,291.57000732421875,20161800
2023-04-19,281.7770080566406,288.45001220703125,289.04998779296875,284.5400085449219,285.989990234375,17150300
2023-04-20,279.4911193847656,286.1099853515625,289.0299987792969,285.0799865722656,285.25,23244400
2023-04-21,279.14923095703125,285.760009765625,286.2699890136719,283.05999755859375,285.010009765625,21676400
2023-04-24,275.25152587890625,281.7699890136719,284.95001220703125,278.7200012207031,282.0899963378906,26611000
2023-04-25,269.0484313964844,275.4200134277344,281.6000061035156,275.3699951171875,279.510009765625,45772200
2023-04-26,288.536865234375,295.3699951171875,299.57000732421875,292.7300109863281,296.70001220703125,64599200
2023-04-27,297.7779846191406,304.8299865722656,305.20001220703125,295.25,295.9700012207031,46462600
2023-04-28,300.15179443359375,307.260009765625,308.92999267578125,303.30999755859375,304.010009765625,36469600
2023-05-01,298.4911804199219,305.55999755859375,308.6000061035156,305.1499938964844,306.9700012207031,21294100
2023-05-02,298.34466552734375,305.4100036621094,309.17999267578125,303.9100036621094,307.760009765625,26404400
2023-05-03,297.35797119140625,304.3999938964844,308.6099853515625,304.0899963378906,306.6199951171875,22360800
2023-05-04,298.34466552734375,305.4100036621094,307.760009765625,303.3999938964844,306.239990234375,22519900
2023-05-05,303.46337890625,310.6499938964844,311.9700012207031,304.2699890136719,305.7200012207031,28197100
2023-05-08,301.5096740722656,308.6499938964844,310.20001220703125,306.0899963378906,310.1300048828125,21318600
2023-05-09,299.8978271484375,307.0,310.0400085449219,306.30999755859375,308.0,21340800
2023-05-10,305.0849914550781,312.30999755859375,313.0,307.6700134277344,308.6199951171875,30078000
2023-05-11,302.9358825683594,310.1099853515625,311.1199951171875,306.260009765625,310.1000061035156,31680200
2023-05-12,301.82220458984375,308.9700012207031,310.6499938964844,306.6000061035156,310.54998779296875,19774700
2023-05-15,302.3009338378906,309.4599914550781,309.8999938964844,307.5899963378906,309.1000061035156,16336500
2023-05-16,304.5281677246094,311.739990234375,313.7099914550781,309.8299865722656,309.8299865722656,26730300
2023-05-17,307.4063720703125,314.0,314.42999267578125,310.739990234375,312.2900085449219,24315000
2023-05-18,311.83154296875,318.5199890136719,319.0400085449219,313.7200012207031,314.5299987792969,27276000
2023-05-19,311.65533447265625,318.3399963378906,318.75,316.3699951171875,316.739990234375,27546700
2023-05-22,314.4356689453125,321.17999267578125,322.5899963378906,318.010009765625,318.6000061035156,24115700
2023-05-23,308.63995361328125,315.260009765625,322.7200012207031,315.25,320.0299987792969,30797200
2023-05-24,307.2595520019531,313.8500061035156,316.5,312.6099853515625,314.7300109863281,23384900
2023-05-25,319.0761413574219,325.9200134277344,326.8999938964844,320.0,323.239990234375,43301700
2023-05-26,325.8997802734375,332.8900146484375,333.3999938964844,323.8800048828125,324.0199890136719,36630600
2023-05-30,324.2550354003906,331.2099914550781,335.739990234375,330.5199890136719,335.2300109863281,29503100
2023-05-31,321.4942932128906,328.3900146484375,335.94000244140625,327.3299865722656,332.2900085449219,45950600
2023-06-01,325.5962829589844,332.5799865722656,333.5299987792969,324.7200012207031,325.92999267578125,26773900
2023-06-02,328.3570556640625,335.3999938964844,337.5,332.54998779296875,334.25,25873800
2023-06-05,328.8857116699219,335.94000244140625,338.55999755859375,334.6600036621094,335.2200012207031,21307100
2023-06-06,326.6731872558594,333.67999267578125,335.3699951171875,332.1700134277344,335.3299865722656,20396200
2023-06-07,316.5894775390625,323.3800048828125,334.489990234375,322.5,331.6499938964844,40717100
2023-06-08,318.42999267578125,325.260009765625,326.6400146484375,323.3500061035156,323.94000244140625,23277700
2023-06-09,319.9278564453125,326.7900085449219,329.989990234375,324.4100036621094,324.989990234375,22529000
2023-06-12,324.88165283203125,331.8500061035156,332.1000061035156,325.1600036621094,328.5799865722656,24260300
2023-06-13,327.2704162597656,334.2900085449219,336.9800109863281,330.3900146484375,334.4700012207031,22951300
2023-06-14,330.2563171386719,337.3399963378906,339.0400085449219,332.80999755859375,334.3399963378906,26003800
2023-06-15,340.7903747558594,348.1000061035156,349.8399963378906,337.20001220703125,337.4800109863281,38899100
2023-06-16,335.14154052734375,342.3299865722656,351.4700012207031,341.95001220703125,351.32000732421875,46552000
2023-06-20,330.951416015625,338.04998779296875,342.0799865722656,335.8599853515625,339.30999755859375,26375400
2023-06-21,326.55572509765625,333.55999755859375,337.7300109863281,332.07000732421875,336.3699951171875,25117800
2023-06-22,332.5765075683594,339.7099914550781,340.1199951171875,333.3399963378906,334.1199951171875,23556800
2023-06-23,327.9850158691406,335.0199890136719,337.9599914550781,333.45001220703125,334.3599853515625,23146900
2023-06-26,321.69989013671875,328.6000061035156,336.1099853515625,328.489990234375,333.7200012207031,21520600
2023-06-27,327.5445556640625,334.57000732421875,336.1499938964844,329.29998779296875,331.8599853515625,24354100
2023-06-28,328.7975769042969,335.8500061035156,337.9800109863281,333.80999755859375,334.6600036621094,20259500
2023-06-29,328.014404296875,335.04998779296875,336.1099853515625,332.6199951171875,334.7099914550781,16997000
2023-06-30,333.3891296386719,340.5400085449219,342.7300109863281,337.20001220703125,337.75,26832800
2023-07-03,330.8927001953125,337.989990234375,340.8999938964844,336.57000732421875,339.19000244140625,12508700
2023-07-05,331.0492858886719,338.1499938964844,341.6499938964844,334.7300109863281,335.0899963378906,18172400
2023-07-06,334.1037902832031,341.2699890136719,342.989990234375,335.5,337.29998779296875,28161200
2023-07-07,330.1388244628906,337.2200012207031,341.7900085449219,337.0,339.32000732421875,21214800
2023-07-10,324.8620300292969,331.8299865722656,335.2300109863281,327.5899963378906,334.6000061035156,32791400
2023-07-11,325.48858642578125,332.4700012207031,332.8599853515625,327.0,331.05999755859375,26698200
2023-07-12,330.1192626953125,337.20001220703125,341.6499938964844,335.6700134277344,336.6000061035156,29995300
2023-07-13,335.4646301269531,342.6600036621094,343.739990234375,339.0199890136719,339.55999755859375,20567200
2023-07-14,337.99041748046875,345.239990234375,351.42999267578125,344.30999755859375,347.5899963378906,28352700
2023-07-17,338.47015380859375,345.7300109863281,346.989990234375,342.20001220703125,345.67999267578125,20363900
2023-07-18,351.9411926269531,359.489990234375,366.7799987792969,342.1700134277344,345.8299865722656,64738600
2023-07-19,347.623779296875,355.0799865722656,362.4599914550781,352.44000244140625,361.75,39732900
2023-07-20,339.5862121582031,346.8699951171875,357.9700012207031,345.3699951171875,353.57000732421875,33778400
2023-07-21,336.5513000488281,343.7699890136719,350.29998779296875,339.8299865722656,349.1499938964844,69405400
2023-07-24,337.86309814453125,345.1099853515625,346.9200134277344,342.30999755859375,345.8500061035156,26678100
2023-07-25,343.6099548339844,350.9800109863281,351.8900146484375,345.07000732421875,347.1099853515625,41637700
2023-07-26,330.67730712890625,337.7699890136719,344.6700134277344,333.1099853515625,341.44000244140625,58383700
2023-07-27,323.7753601074219,330.7200012207031,341.3299865722656,329.04998779296875,340.4800109863281,39635300
2023-07-28,331.2646484375,338.3699951171875,340.010009765625,333.1700134277344,333.6700134277344,28484900
2023-07-31,328.8662109375,335.9200134277344,337.70001220703125,333.3599853515625,336.9200134277344,25446000
2023-08-01,329.2773742675781,336.3399963378906,338.5400085449219,333.70001220703125,335.19000244140625,18311900
2023-08-02,320.62298583984375,327.5,333.6300048828125,326.3599853515625,333.6300048828125,27761300
2023-08-03,319.8006591796875,326.6600036621094,329.8800048828125,325.95001220703125,326.0,18253700
2023-08-04,320.8970642089844,327.7799987792969,335.1400146484375,327.239990234375,331.8800048828125,23741500
2023-08-07,323.17816162109375,330.1099853515625,331.1099853515625,327.5199890136719,328.3699951171875,17741500
2023-08-08,319.203369140625,326.04998779296875,328.75,323.0,326.9599914550781,22327600
2023-08-09,315.4636535644531,322.2300109863281,327.1099853515625,321.04998779296875,326.4700012207031,22373300
2023-08-10,316.1488952636719,322.92999267578125,328.260009765625,321.17999267578125,326.0199890136719,20113700
2023-08-11,314.26922607421875,321.010009765625,322.4100036621094,319.2099914550781,320.260009765625,24355500
2023-08-14,317.235595703125,324.0400085449219,324.05999755859375,320.0799865722656,321.3900146484375,18836100
2023-08-15,315.1013488769531,321.8599853515625,325.0899963378906,320.8999938964844,323.0,16966300
2023-08-16,314.336181640625,320.3999938964844,324.4200134277344,319.79998779296875,320.79998779296875,20698900
2023-08-17,310.8827819824219,316.8800048828125,321.8699951171875,316.2099914550781,320.5400085449219,21257200
2023-08-18,310.4903259277344,316.4800109863281,318.3800048828125,311.54998779296875,314.489990234375,24755000
2023-08-21,315.78814697265625,321.8800048828125,322.7699890136719,317.0400085449219,317.92999267578125,24040000
2023-08-22,316.3571472167969,322.4599914550781,326.0799865722656,321.4599914550781,325.5,16084600
2023-08-23,320.8112487792969,327.0,329.20001220703125,323.4599914550781,323.82000732421875,21166400
2023-08-24,313.9143371582031,319.9700012207031,332.9800109863281,319.9599914550781,332.8500061035156,23281400
2023-08-25,316.8673095703125,322.9800109863281,325.3599853515625,318.79998779296875,321.4700012207031,21684100
2023-08-28,317.5736999511719,323.70001220703125,326.1499938964844,321.7200012207031,325.6600036621094,14808500
2023-08-29,322.194580078125,328.4100036621094,328.9800109863281,321.8800048828125,321.8800048828125,19284600
2023-08-30,322.56732177734375,328.7900085449219,329.80999755859375,326.45001220703125,328.6700134277344,15222100
2023-08-31,321.556884765625,327.760009765625,330.9100036621094,326.7799987792969,329.20001220703125,26411000
2023-09-01,322.4398193359375,328.6600036621094,331.989990234375,326.7799987792969,331.30999755859375,14942000
2023-09-05,327.2372741699219,333.54998779296875,334.8500061035156,328.6600036621094,329.0,18553900
2023-09-06,326.5799865722656,332.8800048828125,334.4599914550781,330.17999267578125,333.3800048828125,17535800
2023-09-07,323.6661376953125,329.9100036621094,333.0799865722656,329.0299987792969,331.2900085449219,18381000
2023-09-08,327.94366455078125,334.2699890136719,336.1600036621094,329.4599914550781,330.0899963378906,19530100
2023-09-11,331.5442199707031,337.94000244140625,338.4200134277344,335.42999267578125,337.239990234375,16583300
2023-09-12,325.490966796875,331.7699890136719,336.7900085449219,331.4800109863281,335.82000732421875,17565500
2023-09-13,329.6997375488281,336.05999755859375,336.8500061035156,331.1700134277344,331.30999755859375,16544400
2023-09-14,332.2898254394531,338.70001220703125,340.8599853515625,336.57000732421875,339.1499938964844,20267000
2023-09-15,323.9703063964844,330.2200012207031,337.3999938964844,329.6499938964844,336.9200134277344,37679800
2023-09-18,322.8323059082031,329.05999755859375,330.3999938964844,326.3599853515625,327.79998779296875,16834200
2023-09-19,322.4300537109375,328.6499938964844,329.3900146484375,324.510009765625,326.1700134277344,16505900
2023-09-20,314.6991882324219,320.7699890136719,329.5899963378906,320.510009765625,329.510009765625,21436500
2023-09-21,313.4825744628906,319.5299987792969,325.3500061035156,315.0,319.260009765625,35560400
2023-09-22,311.0103454589844,317.010009765625,321.45001220703125,316.1499938964844,321.32000732421875,21447900
2023-09-25,311.5303039550781,317.5400085449219,317.6700134277344,315.0,316.5899963378906,17836000
2023-09-26,306.23248291015625,312.1400146484375,315.8800048828125,310.0199890136719,315.1300048828125,26297600
2023-09-27,306.8702087402344,312.7900085449219,314.29998779296875,309.69000244140625,312.29998779296875,19410100
2023-09-28,307.7041015625,313.6400146484375,315.4800109863281,309.45001220703125,310.989990234375,19683600
2023-09-29,309.774169921875,315.75,319.4700012207031,314.9800109863281,317.75,24147300
2023-10-02,315.7096252441406,321.79998779296875,321.8900146484375,315.17999267578125,316.2799987792969,20570000
2023-10-03,307.4588623046875,313.3900146484375,321.3900146484375,311.2099914550781,320.8299865722656,21033500
2023-10-04,312.9234313964844,318.9599914550781,320.0400085449219,314.0,314.0299987792969,20720100
2023-10-05,313.3158264160156,319.3599853515625,319.9800109863281,314.8999938964844,319.0899963378906,16965600
2023-10-06,321.0662841796875,327.260009765625,329.19000244140625,316.29998779296875,316.54998779296875,25673600
2023-10-09,323.5778503417969,329.82000732421875,330.29998779296875,323.17999267578125,324.75,19891200
2023-10-10,322.1749572753906,328.3900146484375,331.1000061035156,327.6700134277344,330.9599914550781,20557100
2023-10-11,326.1286926269531,332.4200134277344,332.82000732421875,329.1400146484375,331.2099914550781,20063200
2023-10-12,324.8925476074219,331.1600036621094,333.6300048828125,328.7200012207031,330.57000732421875,19313100
2023-10-13,321.5274353027344,327.7300109863281,333.8299865722656,326.3599853515625,332.3800048828125,21072400
2023-10-16,326.3445129394531,332.6400146484375,336.1400146484375,330.6000061035156,331.04998779296875,22158000
2023-10-17,325.7755126953125,332.05999755859375,333.4599914550781,327.4100036621094,329.5899963378906,18338500
2023-10-18,323.8623352050781,330.1099853515625,335.5899963378906,328.29998779296875,332.489990234375,23153600
2023-10-19,325.0494079589844,331.32000732421875,336.8800048828125,330.9100036621094,332.1499938964844,25052100
2023-10-20,320.48748779296875,326.6700134277344,331.9200134277344,325.45001220703125,331.7200012207031,25027700
2023-10-23,323.0873107910156,329.32000732421875,332.7300109863281,324.3900146484375,325.4700012207031,24374700
2023-10-24,324.2744445800781,330.5299987792969,331.8399963378906,327.6000061035156,331.29998779296875,31153600
2023-10-25,334.2225341796875,340.6700134277344,346.20001220703125,337.6199951171875,345.0199890136719,55053800
2023-10-26,321.68438720703125,327.8900146484375,341.6300048828125,326.94000244140625,340.5400085449219,37828500
2023-10-27,323.56805419921875,329.80999755859375,336.7200012207031,328.3999938964844,330.42999267578125,29856500
2023-10-30,330.9261474609375,337.30999755859375,339.45001220703125,331.8299865722656,333.4100036621094,22828100
2023-10-31,331.7109375,338.1099853515625,339.0,334.69000244140625,338.8500061035156,20265300
2023-11-01,339.5203552246094,346.07000732421875,347.4200134277344,339.6499938964844,339.7900085449219,28158800
2023-11-02,341.72772216796875,348.32000732421875,348.8299865722656,344.7699890136719,347.239990234375,24348100
2023-11-03,346.12286376953125,352.79998779296875,354.3900146484375,347.3299865722656,349.6300048828125,23637700
2023-11-06,349.7823181152344,356.5299987792969,357.5400085449219,353.3500061035156,353.45001220703125,23828300
2023-11-07,353.7066345214844,360.5299987792969,362.4599914550781,357.6300048828125,359.3999938964844,25833900
2023-11-08,356.326171875,363.20001220703125,363.8699951171875,360.54998779296875,361.67999267578125,26767800
2023-11-09,353.8636779785156,360.69000244140625,364.7900085449219,360.3599853515625,362.29998779296875,24847300
2023-11-10,362.67364501953125,369.6700134277344,370.1000061035156,361.07000732421875,361.489990234375,28042100
2023-11-13,359.740234375,366.67999267578125,368.4700012207031,365.8999938964844,368.2200012207031,19986500
2023-11-14,363.26226806640625,370.2699890136719,371.95001220703125,367.3500061035156,371.010009765625,27683900
2023-11-15,363.4097900390625,369.6700134277344,373.1300048828125,367.1099853515625,371.2799987792969,26860100
2023-11-16,369.7997131347656,376.1700134277344,376.3500061035156,370.17999267578125,370.9599914550781,27182300
2023-11-17,363.58673095703125,369.8500061035156,374.3699951171875,367.0,373.6099853515625,40157000
2023-11-20,371.0482482910156,377.44000244140625,378.8699951171875,371.0,371.2200012207031,52465100
2023-11-21,366.752197265625,373.07000732421875,376.2200012207031,371.1199951171875,375.6700134277344,28423100
2023-11-22,371.45123291015625,377.8500061035156,379.7900085449219,374.9700012207031,378.0,23345300
2023-11-24,371.03839111328125,377.42999267578125,377.9700012207031,375.1400146484375,377.3299865722656,10176600
2023-11-27,372.1983642578125,378.6099853515625,380.6400146484375,376.20001220703125,376.7799987792969,22179200
2023-11-28,376.2191162109375,382.70001220703125,383.0,378.1600036621094,378.3500061035156,20453100
2023-11-29,372.434326171875,378.8500061035156,384.29998779296875,377.44000244140625,383.760009765625,28963400
2023-11-30,372.49334716796875,378.9100036621094,380.0899963378906,375.4700012207031,378.489990234375,30554400
2023-12-01,368.1678161621094,374.510009765625,378.1600036621094,371.30999755859375,376.760009765625,33040500
2023-12-04,362.88873291015625,369.1400146484375,369.5199890136719,362.8999938964844,369.1000061035156,32063300
2023-12-05,366.21148681640625,372.5199890136719,373.0799865722656,365.6199951171875,366.45001220703125,23065000
2023-12-06,362.55450439453125,368.79998779296875,374.17999267578125,368.0299987792969,373.5400085449219,21182100
2023-12-07,364.6681213378906,370.95001220703125,371.45001220703125,366.32000732421875,368.2300109863281,23118900
2023-12-08,367.8925476074219,374.2300109863281,374.4599914550781,368.2300109863281,369.20001220703125,20154400
2023-12-11,365.01214599609375,371.29998779296875,371.6000061035156,366.1000061035156,368.4800109863281,27708800
2023-12-12,368.0400085449219,374.3800048828125,374.4200134277344,370.4599914550781,370.8500061035156,24838300
2023-12-13,368.03021240234375,374.3699951171875,377.6400146484375,370.7699890136719,376.0199890136719,30955500
2023-12-14,359.7331237792969,365.92999267578125,373.760009765625,364.1300048828125,373.30999755859375,43277500
2023-12-15,364.45184326171875,370.7300109863281,372.3999938964844,366.2799987792969,366.8500061035156,78502300
2023-12-18,366.33929443359375,372.6499938964844,373.0,368.67999267578125,369.45001220703125,21802900
2023-12-19,366.9389953613281,373.260009765625,373.260009765625,369.8399963378906,371.489990234375,20603700
2023-12-20,364.34368896484375,370.6199951171875,376.0299987792969,370.5299987792969,375.0,26316700
2023-12-21,367.2142333984375,373.5400085449219,374.4100036621094,370.0400085449219,372.55999755859375,17708000
2023-12-22,368.236572265625,374.5799865722656,375.17999267578125,372.7099914550781,373.67999267578125,17107500
2023-12-26,368.3152770996094,374.6600036621094,376.94000244140625,373.5,375.0,12673100
2023-12-27,367.73529052734375,374.07000732421875,375.05999755859375,372.80999755859375,373.69000244140625,14905400
2023-12-28,368.9248046875,375.2799987792969,376.4599914550781,374.1600036621094,375.3699951171875,14327000
2023-12-29,369.6719055175781,376.0400085449219,377.1600036621094,373.4800109863281,376.0,18730800
